dataset,dataset_label,seed,experiment,model,candidate_set,selection_criterion,selected_lambda,selected_C,feature_map,reps,entanglement,validation_F1,validation_Balanced Accuracy,validation_Business Cost,validation_FN,validation_FP,runtime_seconds,validation_source_path,Accuracy,Precision,Recall,Specificity,F1,Balanced Accuracy,ROC-AUC,PR-AUC,TN,FP,FN,TP,Business Cost
german_numeric,German Numeric Full,10,convex,Convex,all,validation_f1,0.65,0.5,zz,1,full,0.5565217391304348,0.6770833333333333,115.0,16.0,35.0,1.168,supplementary_source/target_dataset_qsvc_experiments/german_numeric/convex/lambda_validation_c_tuned_samplefull_seed10.csv,0.69,0.4868421052631579,0.6166666666666667,0.7214285714285714,0.5441176470588235,0.6690476190476191,0.7267857142857143,0.5348607629130299,101,39,23,37,154.0
german_numeric,German Numeric Full,10,convex,Convex,all,validation_business_cost,1.0,0.5,zz,1,full,0.5546218487394958,0.6741071428571428,113.0,15.0,38.0,1.146,supplementary_source/target_dataset_qsvc_experiments/german_numeric/convex/lambda_validation_c_tuned_samplefull_seed10.csv,0.695,0.4935064935064935,0.6333333333333333,0.7214285714285714,0.5547445255474452,0.6773809523809524,0.7317857142857143,0.5378025935764779,101,39,22,38,149.0
german_numeric,German Numeric Full,10,convex,Convex,all,validation_balanced_accuracy,0.65,0.5,zz,1,full,0.5565217391304348,0.6770833333333333,115.0,16.0,35.0,0.0,supplementary_source/target_dataset_qsvc_experiments/german_numeric/convex/lambda_validation_c_tuned_samplefull_seed10.csv,0.69,0.4868421052631579,0.6166666666666667,0.7214285714285714,0.5441176470588235,0.6690476190476191,0.7267857142857143,0.5348607629130299,101,39,23,37,154.0
german_numeric,German Numeric Full,10,convex,Convex,nonzero,validation_f1,0.65,0.5,zz,1,full,0.5565217391304348,0.6770833333333333,115.0,16.0,35.0,0.0,supplementary_source/target_dataset_qsvc_experiments/german_numeric/convex/lambda_validation_c_tuned_samplefull_seed10.csv,0.69,0.4868421052631579,0.6166666666666667,0.7214285714285714,0.5441176470588235,0.6690476190476191,0.7267857142857143,0.5348607629130299,101,39,23,37,154.0
german_numeric,German Numeric Full,10,convex,Convex,nonzero,validation_business_cost,1.0,0.5,zz,1,full,0.5546218487394958,0.6741071428571428,113.0,15.0,38.0,0.0,supplementary_source/target_dataset_qsvc_experiments/german_numeric/convex/lambda_validation_c_tuned_samplefull_seed10.csv,0.695,0.4935064935064935,0.6333333333333333,0.7214285714285714,0.5547445255474452,0.6773809523809524,0.7317857142857143,0.5378025935764779,101,39,22,38,149.0
german_numeric,German Numeric Full,10,convex,Convex,nonzero,validation_balanced_accuracy,0.65,0.5,zz,1,full,0.5565217391304348,0.6770833333333333,115.0,16.0,35.0,0.0,supplementary_source/target_dataset_qsvc_experiments/german_numeric/convex/lambda_validation_c_tuned_samplefull_seed10.csv,0.69,0.4868421052631579,0.6166666666666667,0.7214285714285714,0.5441176470588235,0.6690476190476191,0.7267857142857143,0.5348607629130299,101,39,23,37,154.0
german_numeric,German Numeric Full,10,feature_specific,Feature-specific,all,validation_f1,0.8,0.3,zz,1,full,0.5633802816901409,0.6755952380952381,94.0,8.0,54.0,1.059,supplementary_source/target_dataset_qsvc_experiments/german_numeric/feature_specific_weighting/lambda_validation_c_tuned_samplefull_seed10.csv,0.66,0.45555555555555555,0.6833333333333333,0.65,0.5466666666666666,0.6666666666666667,0.7288095238095238,0.5274609481861517,91,49,19,41,144.0
german_numeric,German Numeric Full,10,feature_specific,Feature-specific,all,validation_business_cost,0.8,0.3,zz,1,full,0.5633802816901409,0.6755952380952381,94.0,8.0,54.0,0.0,supplementary_source/target_dataset_qsvc_experiments/german_numeric/feature_specific_weighting/lambda_validation_c_tuned_samplefull_seed10.csv,0.66,0.45555555555555555,0.6833333333333333,0.65,0.5466666666666666,0.6666666666666667,0.7288095238095238,0.5274609481861517,91,49,19,41,144.0
german_numeric,German Numeric Full,10,feature_specific,Feature-specific,all,validation_balanced_accuracy,0.8,0.3,zz,1,full,0.5633802816901409,0.6755952380952381,94.0,8.0,54.0,0.0,supplementary_source/target_dataset_qsvc_experiments/german_numeric/feature_specific_weighting/lambda_validation_c_tuned_samplefull_seed10.csv,0.66,0.45555555555555555,0.6833333333333333,0.65,0.5466666666666666,0.6666666666666667,0.7288095238095238,0.5274609481861517,91,49,19,41,144.0
german_numeric,German Numeric Full,10,feature_specific,Feature-specific,nonzero,validation_f1,0.8,0.3,zz,1,full,0.5633802816901409,0.6755952380952381,94.0,8.0,54.0,0.0,supplementary_source/target_dataset_qsvc_experiments/german_numeric/feature_specific_weighting/lambda_validation_c_tuned_samplefull_seed10.csv,0.66,0.45555555555555555,0.6833333333333333,0.65,0.5466666666666666,0.6666666666666667,0.7288095238095238,0.5274609481861517,91,49,19,41,144.0
german_numeric,German Numeric Full,10,feature_specific,Feature-specific,nonzero,validation_business_cost,0.8,0.3,zz,1,full,0.5633802816901409,0.6755952380952381,94.0,8.0,54.0,0.0,supplementary_source/target_dataset_qsvc_experiments/german_numeric/feature_specific_weighting/lambda_validation_c_tuned_samplefull_seed10.csv,0.66,0.45555555555555555,0.6833333333333333,0.65,0.5466666666666666,0.6666666666666667,0.7288095238095238,0.5274609481861517,91,49,19,41,144.0
german_numeric,German Numeric Full,10,feature_specific,Feature-specific,nonzero,validation_balanced_accuracy,0.8,0.3,zz,1,full,0.5633802816901409,0.6755952380952381,94.0,8.0,54.0,0.0,supplementary_source/target_dataset_qsvc_experiments/german_numeric/feature_specific_weighting/lambda_validation_c_tuned_samplefull_seed10.csv,0.66,0.45555555555555555,0.6833333333333333,0.65,0.5466666666666666,0.6666666666666667,0.7288095238095238,0.5274609481861517,91,49,19,41,144.0
german_numeric,German Numeric Full,20,convex,Convex,all,validation_f1,0.45,0.3,zz,1,full,0.5454545454545454,0.65625,101.0,9.0,56.0,1.15,supplementary_source/target_dataset_qsvc_experiments/german_numeric/convex/lambda_validation_c_tuned_samplefull_seed20.csv,0.63,0.43636363636363634,0.8,0.5571428571428572,0.5647058823529412,0.6785714285714286,0.7440476190476191,0.5344616573629722,78,62,12,48,122.0
german_numeric,German Numeric Full,20,convex,Convex,all,validation_business_cost,0.45,0.3,zz,1,full,0.5454545454545454,0.65625,101.0,9.0,56.0,0.0,supplementary_source/target_dataset_qsvc_experiments/german_numeric/convex/lambda_validation_c_tuned_samplefull_seed20.csv,0.63,0.43636363636363634,0.8,0.5571428571428572,0.5647058823529412,0.6785714285714286,0.7440476190476191,0.5344616573629722,78,62,12,48,122.0
german_numeric,German Numeric Full,20,convex,Convex,all,validation_balanced_accuracy,0.45,0.3,zz,1,full,0.5454545454545454,0.65625,101.0,9.0,56.0,0.0,supplementary_source/target_dataset_qsvc_experiments/german_numeric/convex/lambda_validation_c_tuned_samplefull_seed20.csv,0.63,0.43636363636363634,0.8,0.5571428571428572,0.5647058823529412,0.6785714285714286,0.7440476190476191,0.5344616573629722,78,62,12,48,122.0
german_numeric,German Numeric Full,20,convex,Convex,nonzero,validation_f1,0.45,0.3,zz,1,full,0.5454545454545454,0.65625,101.0,9.0,56.0,0.0,supplementary_source/target_dataset_qsvc_experiments/german_numeric/convex/lambda_validation_c_tuned_samplefull_seed20.csv,0.63,0.43636363636363634,0.8,0.5571428571428572,0.5647058823529412,0.6785714285714286,0.7440476190476191,0.5344616573629722,78,62,12,48,122.0
german_numeric,German Numeric Full,20,convex,Convex,nonzero,validation_business_cost,0.45,0.3,zz,1,full,0.5454545454545454,0.65625,101.0,9.0,56.0,0.0,supplementary_source/target_dataset_qsvc_experiments/german_numeric/convex/lambda_validation_c_tuned_samplefull_seed20.csv,0.63,0.43636363636363634,0.8,0.5571428571428572,0.5647058823529412,0.6785714285714286,0.7440476190476191,0.5344616573629722,78,62,12,48,122.0
german_numeric,German Numeric Full,20,convex,Convex,nonzero,validation_balanced_accuracy,0.45,0.3,zz,1,full,0.5454545454545454,0.65625,101.0,9.0,56.0,0.0,supplementary_source/target_dataset_qsvc_experiments/german_numeric/convex/lambda_validation_c_tuned_samplefull_seed20.csv,0.63,0.43636363636363634,0.8,0.5571428571428572,0.5647058823529412,0.6785714285714286,0.7440476190476191,0.5344616573629722,78,62,12,48,122.0
german_numeric,German Numeric Full,20,feature_specific,Feature-specific,all,validation_f1,1.0,0.2,zz,1,full,0.5542168674698795,0.6577380952380952,82.0,2.0,72.0,1.048,supplementary_source/target_dataset_qsvc_experiments/german_numeric/feature_specific_weighting/lambda_validation_c_tuned_samplefull_seed20.csv,0.54,0.3769230769230769,0.8166666666666667,0.42142857142857143,0.5157894736842106,0.6190476190476191,0.7279761904761903,0.5207449863170066,59,81,11,49,136.0
german_numeric,German Numeric Full,20,feature_specific,Feature-specific,all,validation_business_cost,1.0,0.2,zz,1,full,0.5542168674698795,0.6577380952380952,82.0,2.0,72.0,0.0,supplementary_source/target_dataset_qsvc_experiments/german_numeric/feature_specific_weighting/lambda_validation_c_tuned_samplefull_seed20.csv,0.54,0.3769230769230769,0.8166666666666667,0.42142857142857143,0.5157894736842106,0.6190476190476191,0.7279761904761903,0.5207449863170066,59,81,11,49,136.0
german_numeric,German Numeric Full,20,feature_specific,Feature-specific,all,validation_balanced_accuracy,1.0,0.2,zz,1,full,0.5542168674698795,0.6577380952380952,82.0,2.0,72.0,0.0,supplementary_source/target_dataset_qsvc_experiments/german_numeric/feature_specific_weighting/lambda_validation_c_tuned_samplefull_seed20.csv,0.54,0.3769230769230769,0.8166666666666667,0.42142857142857143,0.5157894736842106,0.6190476190476191,0.7279761904761903,0.5207449863170066,59,81,11,49,136.0
german_numeric,German Numeric Full,20,feature_specific,Feature-specific,nonzero,validation_f1,1.0,0.2,zz,1,full,0.5542168674698795,0.6577380952380952,82.0,2.0,72.0,0.0,supplementary_source/target_dataset_qsvc_experiments/german_numeric/feature_specific_weighting/lambda_validation_c_tuned_samplefull_seed20.csv,0.54,0.3769230769230769,0.8166666666666667,0.42142857142857143,0.5157894736842106,0.6190476190476191,0.7279761904761903,0.5207449863170066,59,81,11,49,136.0
german_numeric,German Numeric Full,20,feature_specific,Feature-specific,nonzero,validation_business_cost,1.0,0.2,zz,1,full,0.5542168674698795,0.6577380952380952,82.0,2.0,72.0,0.0,supplementary_source/target_dataset_qsvc_experiments/german_numeric/feature_specific_weighting/lambda_validation_c_tuned_samplefull_seed20.csv,0.54,0.3769230769230769,0.8166666666666667,0.42142857142857143,0.5157894736842106,0.6190476190476191,0.7279761904761903,0.5207449863170066,59,81,11,49,136.0
german_numeric,German Numeric Full,20,feature_specific,Feature-specific,nonzero,validation_balanced_accuracy,1.0,0.2,zz,1,full,0.5542168674698795,0.6577380952380952,82.0,2.0,72.0,0.0,supplementary_source/target_dataset_qsvc_experiments/german_numeric/feature_specific_weighting/lambda_validation_c_tuned_samplefull_seed20.csv,0.54,0.3769230769230769,0.8166666666666667,0.42142857142857143,0.5157894736842106,0.6190476190476191,0.7279761904761903,0.5207449863170066,59,81,11,49,136.0
german_numeric,German Numeric Full,30,convex,Convex,all,validation_f1,0.5,1.0,zz,1,full,0.6046511627906976,0.7172619047619048,122.0,22.0,12.0,1.162,supplementary_source/target_dataset_qsvc_experiments/german_numeric/convex/lambda_validation_c_tuned_samplefull_seed30.csv,0.69,0.4807692307692308,0.4166666666666667,0.8071428571428572,0.44642857142857145,0.611904761904762,0.7116666666666667,0.4644026863395432,113,27,35,25,202.0
german_numeric,German Numeric Full,30,convex,Convex,all,validation_business_cost,0.5,1.0,zz,1,full,0.6046511627906976,0.7172619047619048,122.0,22.0,12.0,0.0,supplementary_source/target_dataset_qsvc_experiments/german_numeric/convex/lambda_validation_c_tuned_samplefull_seed30.csv,0.69,0.4807692307692308,0.4166666666666667,0.8071428571428572,0.44642857142857145,0.611904761904762,0.7116666666666667,0.4644026863395432,113,27,35,25,202.0
german_numeric,German Numeric Full,30,convex,Convex,all,validation_balanced_accuracy,0.5,1.0,zz,1,full,0.6046511627906976,0.7172619047619048,122.0,22.0,12.0,0.0,supplementary_source/target_dataset_qsvc_experiments/german_numeric/convex/lambda_validation_c_tuned_samplefull_seed30.csv,0.69,0.4807692307692308,0.4166666666666667,0.8071428571428572,0.44642857142857145,0.611904761904762,0.7116666666666667,0.4644026863395432,113,27,35,25,202.0
german_numeric,German Numeric Full,30,convex,Convex,nonzero,validation_f1,0.5,1.0,zz,1,full,0.6046511627906976,0.7172619047619048,122.0,22.0,12.0,0.0,supplementary_source/target_dataset_qsvc_experiments/german_numeric/convex/lambda_validation_c_tuned_samplefull_seed30.csv,0.69,0.4807692307692308,0.4166666666666667,0.8071428571428572,0.44642857142857145,0.611904761904762,0.7116666666666667,0.4644026863395432,113,27,35,25,202.0
german_numeric,German Numeric Full,30,convex,Convex,nonzero,validation_business_cost,0.5,1.0,zz,1,full,0.6046511627906976,0.7172619047619048,122.0,22.0,12.0,0.0,supplementary_source/target_dataset_qsvc_experiments/german_numeric/convex/lambda_validation_c_tuned_samplefull_seed30.csv,0.69,0.4807692307692308,0.4166666666666667,0.8071428571428572,0.44642857142857145,0.611904761904762,0.7116666666666667,0.4644026863395432,113,27,35,25,202.0
german_numeric,German Numeric Full,30,convex,Convex,nonzero,validation_balanced_accuracy,0.5,1.0,zz,1,full,0.6046511627906976,0.7172619047619048,122.0,22.0,12.0,0.0,supplementary_source/target_dataset_qsvc_experiments/german_numeric/convex/lambda_validation_c_tuned_samplefull_seed30.csv,0.69,0.4807692307692308,0.4166666666666667,0.8071428571428572,0.44642857142857145,0.611904761904762,0.7116666666666667,0.4644026863395432,113,27,35,25,202.0
german_numeric,German Numeric Full,30,feature_specific,Feature-specific,all,validation_f1,0.0,0.5,zz,1,full,0.5619834710743802,0.6800595238095238,109.0,14.0,39.0,1.052,supplementary_source/target_dataset_qsvc_experiments/german_numeric/feature_specific_weighting/lambda_validation_c_tuned_samplefull_seed30.csv,0.665,0.4533333333333333,0.5666666666666667,0.7071428571428572,0.5037037037037037,0.6369047619047619,0.6944047619047619,0.41600397389040766,99,41,26,34,171.0
german_numeric,German Numeric Full,30,feature_specific,Feature-specific,all,validation_business_cost,0.0,0.5,zz,1,full,0.5619834710743802,0.6800595238095238,109.0,14.0,39.0,0.0,supplementary_source/target_dataset_qsvc_experiments/german_numeric/feature_specific_weighting/lambda_validation_c_tuned_samplefull_seed30.csv,0.665,0.4533333333333333,0.5666666666666667,0.7071428571428572,0.5037037037037037,0.6369047619047619,0.6944047619047619,0.41600397389040766,99,41,26,34,171.0
german_numeric,German Numeric Full,30,feature_specific,Feature-specific,all,validation_balanced_accuracy,0.0,0.5,zz,1,full,0.5619834710743802,0.6800595238095238,109.0,14.0,39.0,0.0,supplementary_source/target_dataset_qsvc_experiments/german_numeric/feature_specific_weighting/lambda_validation_c_tuned_samplefull_seed30.csv,0.665,0.4533333333333333,0.5666666666666667,0.7071428571428572,0.5037037037037037,0.6369047619047619,0.6944047619047619,0.41600397389040766,99,41,26,34,171.0
german_numeric,German Numeric Full,30,feature_specific,Feature-specific,nonzero,validation_f1,0.05,0.5,zz,1,full,0.5573770491803278,0.6755952380952381,110.0,14.0,40.0,1.034,supplementary_source/target_dataset_qsvc_experiments/german_numeric/feature_specific_weighting/lambda_validation_c_tuned_samplefull_seed30.csv,0.675,0.4675324675324675,0.6,0.7071428571428572,0.5255474452554745,0.6535714285714286,0.6959523809523809,0.41766786431395836,99,41,24,36,161.0
german_numeric,German Numeric Full,30,feature_specific,Feature-specific,nonzero,validation_business_cost,0.05,0.5,zz,1,full,0.5573770491803278,0.6755952380952381,110.0,14.0,40.0,0.0,supplementary_source/target_dataset_qsvc_experiments/german_numeric/feature_specific_weighting/lambda_validation_c_tuned_samplefull_seed30.csv,0.675,0.4675324675324675,0.6,0.7071428571428572,0.5255474452554745,0.6535714285714286,0.6959523809523809,0.41766786431395836,99,41,24,36,161.0
german_numeric,German Numeric Full,30,feature_specific,Feature-specific,nonzero,validation_balanced_accuracy,0.05,0.5,zz,1,full,0.5573770491803278,0.6755952380952381,110.0,14.0,40.0,0.0,supplementary_source/target_dataset_qsvc_experiments/german_numeric/feature_specific_weighting/lambda_validation_c_tuned_samplefull_seed30.csv,0.675,0.4675324675324675,0.6,0.7071428571428572,0.5255474452554745,0.6535714285714286,0.6959523809523809,0.41766786431395836,99,41,24,36,161.0
german_numeric,German Numeric Full,40,convex,Convex,all,validation_f1,0.5,0.3,zz,1,full,0.583941605839416,0.6979166666666667,89.0,8.0,49.0,1.162,supplementary_source/target_dataset_qsvc_experiments/german_numeric/convex/lambda_validation_c_tuned_samplefull_seed40.csv,0.595,0.4,0.7,0.55,0.509090909090909,0.625,0.6439285714285714,0.387870302363463,77,63,18,42,153.0
german_numeric,German Numeric Full,40,convex,Convex,all,validation_business_cost,0.5,0.3,zz,1,full,0.583941605839416,0.6979166666666667,89.0,8.0,49.0,0.0,supplementary_source/target_dataset_qsvc_experiments/german_numeric/convex/lambda_validation_c_tuned_samplefull_seed40.csv,0.595,0.4,0.7,0.55,0.509090909090909,0.625,0.6439285714285714,0.387870302363463,77,63,18,42,153.0
german_numeric,German Numeric Full,40,convex,Convex,all,validation_balanced_accuracy,0.5,0.3,zz,1,full,0.583941605839416,0.6979166666666667,89.0,8.0,49.0,0.0,supplementary_source/target_dataset_qsvc_experiments/german_numeric/convex/lambda_validation_c_tuned_samplefull_seed40.csv,0.595,0.4,0.7,0.55,0.509090909090909,0.625,0.6439285714285714,0.387870302363463,77,63,18,42,153.0
german_numeric,German Numeric Full,40,convex,Convex,nonzero,validation_f1,0.5,0.3,zz,1,full,0.583941605839416,0.6979166666666667,89.0,8.0,49.0,0.0,supplementary_source/target_dataset_qsvc_experiments/german_numeric/convex/lambda_validation_c_tuned_samplefull_seed40.csv,0.595,0.4,0.7,0.55,0.509090909090909,0.625,0.6439285714285714,0.387870302363463,77,63,18,42,153.0
german_numeric,German Numeric Full,40,convex,Convex,nonzero,validation_business_cost,0.5,0.3,zz,1,full,0.583941605839416,0.6979166666666667,89.0,8.0,49.0,0.0,supplementary_source/target_dataset_qsvc_experiments/german_numeric/convex/lambda_validation_c_tuned_samplefull_seed40.csv,0.595,0.4,0.7,0.55,0.509090909090909,0.625,0.6439285714285714,0.387870302363463,77,63,18,42,153.0
german_numeric,German Numeric Full,40,convex,Convex,nonzero,validation_balanced_accuracy,0.5,0.3,zz,1,full,0.583941605839416,0.6979166666666667,89.0,8.0,49.0,0.0,supplementary_source/target_dataset_qsvc_experiments/german_numeric/convex/lambda_validation_c_tuned_samplefull_seed40.csv,0.595,0.4,0.7,0.55,0.509090909090909,0.625,0.6439285714285714,0.387870302363463,77,63,18,42,153.0
german_numeric,German Numeric Full,40,feature_specific,Feature-specific,all,validation_f1,0.25,0.15,zz,1,full,0.5751633986928104,0.6860119047619048,81.0,4.0,61.0,1.028,supplementary_source/target_dataset_qsvc_experiments/german_numeric/feature_specific_weighting/lambda_validation_c_tuned_samplefull_seed40.csv,0.595,0.4146341463414634,0.85,0.4857142857142857,0.5573770491803278,0.6678571428571428,0.6569047619047619,0.3909126357628076,68,72,9,51,117.0
german_numeric,German Numeric Full,40,feature_specific,Feature-specific,all,validation_business_cost,0.25,0.15,zz,1,full,0.5751633986928104,0.6860119047619048,81.0,4.0,61.0,0.0,supplementary_source/target_dataset_qsvc_experiments/german_numeric/feature_specific_weighting/lambda_validation_c_tuned_samplefull_seed40.csv,0.595,0.4146341463414634,0.85,0.4857142857142857,0.5573770491803278,0.6678571428571428,0.6569047619047619,0.3909126357628076,68,72,9,51,117.0
german_numeric,German Numeric Full,40,feature_specific,Feature-specific,all,validation_balanced_accuracy,0.25,0.15,zz,1,full,0.5751633986928104,0.6860119047619048,81.0,4.0,61.0,0.0,supplementary_source/target_dataset_qsvc_experiments/german_numeric/feature_specific_weighting/lambda_validation_c_tuned_samplefull_seed40.csv,0.595,0.4146341463414634,0.85,0.4857142857142857,0.5573770491803278,0.6678571428571428,0.6569047619047619,0.3909126357628076,68,72,9,51,117.0
german_numeric,German Numeric Full,40,feature_specific,Feature-specific,nonzero,validation_f1,0.25,0.15,zz,1,full,0.5751633986928104,0.6860119047619048,81.0,4.0,61.0,0.0,supplementary_source/target_dataset_qsvc_experiments/german_numeric/feature_specific_weighting/lambda_validation_c_tuned_samplefull_seed40.csv,0.595,0.4146341463414634,0.85,0.4857142857142857,0.5573770491803278,0.6678571428571428,0.6569047619047619,0.3909126357628076,68,72,9,51,117.0
german_numeric,German Numeric Full,40,feature_specific,Feature-specific,nonzero,validation_business_cost,0.25,0.15,zz,1,full,0.5751633986928104,0.6860119047619048,81.0,4.0,61.0,0.0,supplementary_source/target_dataset_qsvc_experiments/german_numeric/feature_specific_weighting/lambda_validation_c_tuned_samplefull_seed40.csv,0.595,0.4146341463414634,0.85,0.4857142857142857,0.5573770491803278,0.6678571428571428,0.6569047619047619,0.3909126357628076,68,72,9,51,117.0
german_numeric,German Numeric Full,40,feature_specific,Feature-specific,nonzero,validation_balanced_accuracy,0.25,0.15,zz,1,full,0.5751633986928104,0.6860119047619048,81.0,4.0,61.0,0.0,supplementary_source/target_dataset_qsvc_experiments/german_numeric/feature_specific_weighting/lambda_validation_c_tuned_samplefull_seed40.csv,0.595,0.4146341463414634,0.85,0.4857142857142857,0.5573770491803278,0.6678571428571428,0.6569047619047619,0.3909126357628076,68,72,9,51,117.0
german_numeric,German Numeric Full,50,convex,Convex,all,validation_f1,0.8,0.1,zz,1,full,0.6292134831460674,0.7336309523809523,113.0,20.0,13.0,1.175,supplementary_source/target_dataset_qsvc_experiments/german_numeric/convex/lambda_validation_c_tuned_samplefull_seed50.csv,0.59,0.4098360655737705,0.8333333333333334,0.4857142857142857,0.5494505494505495,0.6595238095238095,0.7158333333333333,0.4892283400674367,68,72,10,50,122.0
german_numeric,German Numeric Full,50,convex,Convex,all,validation_business_cost,1.0,0.1,zz,1,full,0.5765765765765766,0.6949404761904762,111.0,16.0,31.0,1.189,supplementary_source/target_dataset_qsvc_experiments/german_numeric/convex/lambda_validation_c_tuned_samplefull_seed50.csv,0.54,0.38405797101449274,0.8833333333333333,0.39285714285714285,0.5353535353535354,0.638095238095238,0.7158333333333333,0.49541848196296073,55,85,7,53,120.0
german_numeric,German Numeric Full,50,convex,Convex,all,validation_balanced_accuracy,0.8,0.1,zz,1,full,0.6292134831460674,0.7336309523809523,113.0,20.0,13.0,0.0,supplementary_source/target_dataset_qsvc_experiments/german_numeric/convex/lambda_validation_c_tuned_samplefull_seed50.csv,0.59,0.4098360655737705,0.8333333333333334,0.4857142857142857,0.5494505494505495,0.6595238095238095,0.7158333333333333,0.4892283400674367,68,72,10,50,122.0
german_numeric,German Numeric Full,50,convex,Convex,nonzero,validation_f1,0.8,0.1,zz,1,full,0.6292134831460674,0.7336309523809523,113.0,20.0,13.0,0.0,supplementary_source/target_dataset_qsvc_experiments/german_numeric/convex/lambda_validation_c_tuned_samplefull_seed50.csv,0.59,0.4098360655737705,0.8333333333333334,0.4857142857142857,0.5494505494505495,0.6595238095238095,0.7158333333333333,0.4892283400674367,68,72,10,50,122.0
german_numeric,German Numeric Full,50,convex,Convex,nonzero,validation_business_cost,1.0,0.1,zz,1,full,0.5765765765765766,0.6949404761904762,111.0,16.0,31.0,0.0,supplementary_source/target_dataset_qsvc_experiments/german_numeric/convex/lambda_validation_c_tuned_samplefull_seed50.csv,0.54,0.38405797101449274,0.8833333333333333,0.39285714285714285,0.5353535353535354,0.638095238095238,0.7158333333333333,0.49541848196296073,55,85,7,53,120.0
german_numeric,German Numeric Full,50,convex,Convex,nonzero,validation_balanced_accuracy,0.8,0.1,zz,1,full,0.6292134831460674,0.7336309523809523,113.0,20.0,13.0,0.0,supplementary_source/target_dataset_qsvc_experiments/german_numeric/convex/lambda_validation_c_tuned_samplefull_seed50.csv,0.59,0.4098360655737705,0.8333333333333334,0.4857142857142857,0.5494505494505495,0.6595238095238095,0.7158333333333333,0.4892283400674367,68,72,10,50,122.0
german_numeric,German Numeric Full,50,feature_specific,Feature-specific,all,validation_f1,0.7,0.5,zz,1,full,0.6019417475728155,0.7157738095238095,109.0,17.0,24.0,1.113,supplementary_source/target_dataset_qsvc_experiments/german_numeric/feature_specific_weighting/lambda_validation_c_tuned_samplefull_seed50.csv,0.705,0.5076923076923077,0.55,0.7714285714285715,0.528,0.6607142857142858,0.7288095238095238,0.4651972254083526,108,32,27,33,167.0
german_numeric,German Numeric Full,50,feature_specific,Feature-specific,all,validation_business_cost,0.7,0.5,zz,1,full,0.6019417475728155,0.7157738095238095,109.0,17.0,24.0,0.0,supplementary_source/target_dataset_qsvc_experiments/german_numeric/feature_specific_weighting/lambda_validation_c_tuned_samplefull_seed50.csv,0.705,0.5076923076923077,0.55,0.7714285714285715,0.528,0.6607142857142858,0.7288095238095238,0.4651972254083526,108,32,27,33,167.0
german_numeric,German Numeric Full,50,feature_specific,Feature-specific,all,validation_balanced_accuracy,0.7,0.5,zz,1,full,0.6019417475728155,0.7157738095238095,109.0,17.0,24.0,0.0,supplementary_source/target_dataset_qsvc_experiments/german_numeric/feature_specific_weighting/lambda_validation_c_tuned_samplefull_seed50.csv,0.705,0.5076923076923077,0.55,0.7714285714285715,0.528,0.6607142857142858,0.7288095238095238,0.4651972254083526,108,32,27,33,167.0
german_numeric,German Numeric Full,50,feature_specific,Feature-specific,nonzero,validation_f1,0.7,0.5,zz,1,full,0.6019417475728155,0.7157738095238095,109.0,17.0,24.0,0.0,supplementary_source/target_dataset_qsvc_experiments/german_numeric/feature_specific_weighting/lambda_validation_c_tuned_samplefull_seed50.csv,0.705,0.5076923076923077,0.55,0.7714285714285715,0.528,0.6607142857142858,0.7288095238095238,0.4651972254083526,108,32,27,33,167.0
german_numeric,German Numeric Full,50,feature_specific,Feature-specific,nonzero,validation_business_cost,0.7,0.5,zz,1,full,0.6019417475728155,0.7157738095238095,109.0,17.0,24.0,0.0,supplementary_source/target_dataset_qsvc_experiments/german_numeric/feature_specific_weighting/lambda_validation_c_tuned_samplefull_seed50.csv,0.705,0.5076923076923077,0.55,0.7714285714285715,0.528,0.6607142857142858,0.7288095238095238,0.4651972254083526,108,32,27,33,167.0
german_numeric,German Numeric Full,50,feature_specific,Feature-specific,nonzero,validation_balanced_accuracy,0.7,0.5,zz,1,full,0.6019417475728155,0.7157738095238095,109.0,17.0,24.0,0.0,supplementary_source/target_dataset_qsvc_experiments/german_numeric/feature_specific_weighting/lambda_validation_c_tuned_samplefull_seed50.csv,0.705,0.5076923076923077,0.55,0.7714285714285715,0.528,0.6607142857142858,0.7288095238095238,0.4651972254083526,108,32,27,33,167.0
south_german,South German Full,10,convex,Convex,all,validation_f1,0.4,0.5,zz,1,full,0.5871559633027523,0.7038690476190477,109.0,16.0,29.0,1.05,supplementary_source/target_dataset_qsvc_experiments/south_german/convex/lambda_validation_c_tuned_samplefull_seed10.csv,0.72,0.532258064516129,0.55,0.7928571428571428,0.5409836065573771,0.6714285714285715,0.7241666666666667,0.5692593382540236,111,29,27,33,164.0
south_german,South German Full,10,convex,Convex,all,validation_business_cost,0.4,0.5,zz,1,full,0.5871559633027523,0.7038690476190477,109.0,16.0,29.0,0.0,supplementary_source/target_dataset_qsvc_experiments/south_german/convex/lambda_validation_c_tuned_samplefull_seed10.csv,0.72,0.532258064516129,0.55,0.7928571428571428,0.5409836065573771,0.6714285714285715,0.7241666666666667,0.5692593382540236,111,29,27,33,164.0
south_german,South German Full,10,convex,Convex,all,validation_balanced_accuracy,0.4,0.5,zz,1,full,0.5871559633027523,0.7038690476190477,109.0,16.0,29.0,0.0,supplementary_source/target_dataset_qsvc_experiments/south_german/convex/lambda_validation_c_tuned_samplefull_seed10.csv,0.72,0.532258064516129,0.55,0.7928571428571428,0.5409836065573771,0.6714285714285715,0.7241666666666667,0.5692593382540236,111,29,27,33,164.0
south_german,South German Full,10,convex,Convex,nonzero,validation_f1,0.4,0.5,zz,1,full,0.5871559633027523,0.7038690476190477,109.0,16.0,29.0,0.0,supplementary_source/target_dataset_qsvc_experiments/south_german/convex/lambda_validation_c_tuned_samplefull_seed10.csv,0.72,0.532258064516129,0.55,0.7928571428571428,0.5409836065573771,0.6714285714285715,0.7241666666666667,0.5692593382540236,111,29,27,33,164.0
south_german,South German Full,10,convex,Convex,nonzero,validation_business_cost,0.4,0.5,zz,1,full,0.5871559633027523,0.7038690476190477,109.0,16.0,29.0,0.0,supplementary_source/target_dataset_qsvc_experiments/south_german/convex/lambda_validation_c_tuned_samplefull_seed10.csv,0.72,0.532258064516129,0.55,0.7928571428571428,0.5409836065573771,0.6714285714285715,0.7241666666666667,0.5692593382540236,111,29,27,33,164.0
south_german,South German Full,10,convex,Convex,nonzero,validation_balanced_accuracy,0.4,0.5,zz,1,full,0.5871559633027523,0.7038690476190477,109.0,16.0,29.0,0.0,supplementary_source/target_dataset_qsvc_experiments/south_german/convex/lambda_validation_c_tuned_samplefull_seed10.csv,0.72,0.532258064516129,0.55,0.7928571428571428,0.5409836065573771,0.6714285714285715,0.7241666666666667,0.5692593382540236,111,29,27,33,164.0
south_german,South German Full,10,feature_specific,Feature-specific,all,validation_f1,0.65,0.5,zz,1,full,0.5555555555555556,0.6785714285714286,120.0,18.0,30.0,1.029,supplementary_source/target_dataset_qsvc_experiments/south_german/feature_specific_weighting/lambda_validation_c_tuned_samplefull_seed10.csv,0.715,0.5238095238095238,0.55,0.7857142857142857,0.5365853658536586,0.6678571428571429,0.7169047619047618,0.5683697568069898,110,30,27,33,165.0
south_german,South German Full,10,feature_specific,Feature-specific,all,validation_business_cost,0.65,0.5,zz,1,full,0.5555555555555556,0.6785714285714286,120.0,18.0,30.0,0.0,supplementary_source/target_dataset_qsvc_experiments/south_german/feature_specific_weighting/lambda_validation_c_tuned_samplefull_seed10.csv,0.715,0.5238095238095238,0.55,0.7857142857142857,0.5365853658536586,0.6678571428571429,0.7169047619047618,0.5683697568069898,110,30,27,33,165.0
south_german,South German Full,10,feature_specific,Feature-specific,all,validation_balanced_accuracy,0.65,0.5,zz,1,full,0.5555555555555556,0.6785714285714286,120.0,18.0,30.0,0.0,supplementary_source/target_dataset_qsvc_experiments/south_german/feature_specific_weighting/lambda_validation_c_tuned_samplefull_seed10.csv,0.715,0.5238095238095238,0.55,0.7857142857142857,0.5365853658536586,0.6678571428571429,0.7169047619047618,0.5683697568069898,110,30,27,33,165.0
south_german,South German Full,10,feature_specific,Feature-specific,nonzero,validation_f1,0.65,0.5,zz,1,full,0.5555555555555556,0.6785714285714286,120.0,18.0,30.0,0.0,supplementary_source/target_dataset_qsvc_experiments/south_german/feature_specific_weighting/lambda_validation_c_tuned_samplefull_seed10.csv,0.715,0.5238095238095238,0.55,0.7857142857142857,0.5365853658536586,0.6678571428571429,0.7169047619047618,0.5683697568069898,110,30,27,33,165.0
south_german,South German Full,10,feature_specific,Feature-specific,nonzero,validation_business_cost,0.65,0.5,zz,1,full,0.5555555555555556,0.6785714285714286,120.0,18.0,30.0,0.0,supplementary_source/target_dataset_qsvc_experiments/south_german/feature_specific_weighting/lambda_validation_c_tuned_samplefull_seed10.csv,0.715,0.5238095238095238,0.55,0.7857142857142857,0.5365853658536586,0.6678571428571429,0.7169047619047618,0.5683697568069898,110,30,27,33,165.0
south_german,South German Full,10,feature_specific,Feature-specific,nonzero,validation_balanced_accuracy,0.65,0.5,zz,1,full,0.5555555555555556,0.6785714285714286,120.0,18.0,30.0,0.0,supplementary_source/target_dataset_qsvc_experiments/south_german/feature_specific_weighting/lambda_validation_c_tuned_samplefull_seed10.csv,0.715,0.5238095238095238,0.55,0.7857142857142857,0.5365853658536586,0.6678571428571429,0.7169047619047618,0.5683697568069898,110,30,27,33,165.0
south_german,South German Full,20,convex,Convex,all,validation_f1,0.95,0.3,zz,1,full,0.5,0.625,132.0,18.0,42.0,1.055,supplementary_source/target_dataset_qsvc_experiments/south_german/convex/lambda_validation_c_tuned_samplefull_seed20.csv,0.705,0.5052631578947369,0.8,0.6642857142857143,0.6193548387096774,0.7321428571428572,0.8108333333333333,0.6880425172115078,93,47,12,48,107.0
south_german,South German Full,20,convex,Convex,all,validation_business_cost,0.95,0.3,zz,1,full,0.5,0.625,132.0,18.0,42.0,0.0,supplementary_source/target_dataset_qsvc_experiments/south_german/convex/lambda_validation_c_tuned_samplefull_seed20.csv,0.705,0.5052631578947369,0.8,0.6642857142857143,0.6193548387096774,0.7321428571428572,0.8108333333333333,0.6880425172115078,93,47,12,48,107.0
south_german,South German Full,20,convex,Convex,all,validation_balanced_accuracy,0.95,0.3,zz,1,full,0.5,0.625,132.0,18.0,42.0,0.0,supplementary_source/target_dataset_qsvc_experiments/south_german/convex/lambda_validation_c_tuned_samplefull_seed20.csv,0.705,0.5052631578947369,0.8,0.6642857142857143,0.6193548387096774,0.7321428571428572,0.8108333333333333,0.6880425172115078,93,47,12,48,107.0
south_german,South German Full,20,convex,Convex,nonzero,validation_f1,0.95,0.3,zz,1,full,0.5,0.625,132.0,18.0,42.0,0.0,supplementary_source/target_dataset_qsvc_experiments/south_german/convex/lambda_validation_c_tuned_samplefull_seed20.csv,0.705,0.5052631578947369,0.8,0.6642857142857143,0.6193548387096774,0.7321428571428572,0.8108333333333333,0.6880425172115078,93,47,12,48,107.0
south_german,South German Full,20,convex,Convex,nonzero,validation_business_cost,0.95,0.3,zz,1,full,0.5,0.625,132.0,18.0,42.0,0.0,supplementary_source/target_dataset_qsvc_experiments/south_german/convex/lambda_validation_c_tuned_samplefull_seed20.csv,0.705,0.5052631578947369,0.8,0.6642857142857143,0.6193548387096774,0.7321428571428572,0.8108333333333333,0.6880425172115078,93,47,12,48,107.0
south_german,South German Full,20,convex,Convex,nonzero,validation_balanced_accuracy,0.95,0.3,zz,1,full,0.5,0.625,132.0,18.0,42.0,0.0,supplementary_source/target_dataset_qsvc_experiments/south_german/convex/lambda_validation_c_tuned_samplefull_seed20.csv,0.705,0.5052631578947369,0.8,0.6642857142857143,0.6193548387096774,0.7321428571428572,0.8108333333333333,0.6880425172115078,93,47,12,48,107.0
south_german,South German Full,20,feature_specific,Feature-specific,all,validation_f1,0.9,0.3,zz,1,full,0.4684684684684684,0.6056547619047619,147.0,22.0,37.0,1.051,supplementary_source/target_dataset_qsvc_experiments/south_german/feature_specific_weighting/lambda_validation_c_tuned_samplefull_seed20.csv,0.74,0.5476190476190477,0.7666666666666667,0.7285714285714285,0.6388888888888888,0.7476190476190476,0.7876190476190476,0.6413877216840441,102,38,14,46,108.0
south_german,South German Full,20,feature_specific,Feature-specific,all,validation_business_cost,0.9,0.3,zz,1,full,0.4684684684684684,0.6056547619047619,147.0,22.0,37.0,0.0,supplementary_source/target_dataset_qsvc_experiments/south_german/feature_specific_weighting/lambda_validation_c_tuned_samplefull_seed20.csv,0.74,0.5476190476190477,0.7666666666666667,0.7285714285714285,0.6388888888888888,0.7476190476190476,0.7876190476190476,0.6413877216840441,102,38,14,46,108.0
south_german,South German Full,20,feature_specific,Feature-specific,all,validation_balanced_accuracy,0.9,0.3,zz,1,full,0.4684684684684684,0.6056547619047619,147.0,22.0,37.0,0.0,supplementary_source/target_dataset_qsvc_experiments/south_german/feature_specific_weighting/lambda_validation_c_tuned_samplefull_seed20.csv,0.74,0.5476190476190477,0.7666666666666667,0.7285714285714285,0.6388888888888888,0.7476190476190476,0.7876190476190476,0.6413877216840441,102,38,14,46,108.0
south_german,South German Full,20,feature_specific,Feature-specific,nonzero,validation_f1,0.9,0.3,zz,1,full,0.4684684684684684,0.6056547619047619,147.0,22.0,37.0,0.0,supplementary_source/target_dataset_qsvc_experiments/south_german/feature_specific_weighting/lambda_validation_c_tuned_samplefull_seed20.csv,0.74,0.5476190476190477,0.7666666666666667,0.7285714285714285,0.6388888888888888,0.7476190476190476,0.7876190476190476,0.6413877216840441,102,38,14,46,108.0
south_german,South German Full,20,feature_specific,Feature-specific,nonzero,validation_business_cost,0.9,0.3,zz,1,full,0.4684684684684684,0.6056547619047619,147.0,22.0,37.0,0.0,supplementary_source/target_dataset_qsvc_experiments/south_german/feature_specific_weighting/lambda_validation_c_tuned_samplefull_seed20.csv,0.74,0.5476190476190477,0.7666666666666667,0.7285714285714285,0.6388888888888888,0.7476190476190476,0.7876190476190476,0.6413877216840441,102,38,14,46,108.0
south_german,South German Full,20,feature_specific,Feature-specific,nonzero,validation_balanced_accuracy,0.9,0.3,zz,1,full,0.4684684684684684,0.6056547619047619,147.0,22.0,37.0,0.0,supplementary_source/target_dataset_qsvc_experiments/south_german/feature_specific_weighting/lambda_validation_c_tuned_samplefull_seed20.csv,0.74,0.5476190476190477,0.7666666666666667,0.7285714285714285,0.6388888888888888,0.7476190476190476,0.7876190476190476,0.6413877216840441,102,38,14,46,108.0
south_german,South German Full,30,convex,Convex,all,validation_f1,0.55,0.3,zz,1,full,0.5606060606060606,0.6755952380952381,102.0,11.0,47.0,1.057,supplementary_source/target_dataset_qsvc_experiments/south_german/convex/lambda_validation_c_tuned_samplefull_seed30.csv,0.655,0.45161290322580644,0.7,0.6357142857142857,0.5490196078431373,0.6678571428571428,0.7379761904761905,0.582792610418464,89,51,18,42,141.0
south_german,South German Full,30,convex,Convex,all,validation_business_cost,0.55,0.3,zz,1,full,0.5606060606060606,0.6755952380952381,102.0,11.0,47.0,0.0,supplementary_source/target_dataset_qsvc_experiments/south_german/convex/lambda_validation_c_tuned_samplefull_seed30.csv,0.655,0.45161290322580644,0.7,0.6357142857142857,0.5490196078431373,0.6678571428571428,0.7379761904761905,0.582792610418464,89,51,18,42,141.0
south_german,South German Full,30,convex,Convex,all,validation_balanced_accuracy,0.55,0.3,zz,1,full,0.5606060606060606,0.6755952380952381,102.0,11.0,47.0,0.0,supplementary_source/target_dataset_qsvc_experiments/south_german/convex/lambda_validation_c_tuned_samplefull_seed30.csv,0.655,0.45161290322580644,0.7,0.6357142857142857,0.5490196078431373,0.6678571428571428,0.7379761904761905,0.582792610418464,89,51,18,42,141.0
south_german,South German Full,30,convex,Convex,nonzero,validation_f1,0.55,0.3,zz,1,full,0.5606060606060606,0.6755952380952381,102.0,11.0,47.0,0.0,supplementary_source/target_dataset_qsvc_experiments/south_german/convex/lambda_validation_c_tuned_samplefull_seed30.csv,0.655,0.45161290322580644,0.7,0.6357142857142857,0.5490196078431373,0.6678571428571428,0.7379761904761905,0.582792610418464,89,51,18,42,141.0
south_german,South German Full,30,convex,Convex,nonzero,validation_business_cost,0.55,0.3,zz,1,full,0.5606060606060606,0.6755952380952381,102.0,11.0,47.0,0.0,supplementary_source/target_dataset_qsvc_experiments/south_german/convex/lambda_validation_c_tuned_samplefull_seed30.csv,0.655,0.45161290322580644,0.7,0.6357142857142857,0.5490196078431373,0.6678571428571428,0.7379761904761905,0.582792610418464,89,51,18,42,141.0
south_german,South German Full,30,convex,Convex,nonzero,validation_balanced_accuracy,0.55,0.3,zz,1,full,0.5606060606060606,0.6755952380952381,102.0,11.0,47.0,0.0,supplementary_source/target_dataset_qsvc_experiments/south_german/convex/lambda_validation_c_tuned_samplefull_seed30.csv,0.655,0.45161290322580644,0.7,0.6357142857142857,0.5490196078431373,0.6678571428571428,0.7379761904761905,0.582792610418464,89,51,18,42,141.0
south_german,South German Full,30,feature_specific,Feature-specific,all,validation_f1,0.95,0.2,zz,1,full,0.5263157894736842,0.6517857142857143,126.0,18.0,36.0,1.076,supplementary_source/target_dataset_qsvc_experiments/south_german/feature_specific_weighting/lambda_validation_c_tuned_samplefull_seed30.csv,0.65,0.4489795918367347,0.7333333333333333,0.6142857142857143,0.5569620253164557,0.6738095238095239,0.7255952380952381,0.5767527917794459,86,54,16,44,134.0
south_german,South German Full,30,feature_specific,Feature-specific,all,validation_business_cost,0.95,0.2,zz,1,full,0.5263157894736842,0.6517857142857143,126.0,18.0,36.0,0.0,supplementary_source/target_dataset_qsvc_experiments/south_german/feature_specific_weighting/lambda_validation_c_tuned_samplefull_seed30.csv,0.65,0.4489795918367347,0.7333333333333333,0.6142857142857143,0.5569620253164557,0.6738095238095239,0.7255952380952381,0.5767527917794459,86,54,16,44,134.0
south_german,South German Full,30,feature_specific,Feature-specific,all,validation_balanced_accuracy,0.95,0.2,zz,1,full,0.5263157894736842,0.6517857142857143,126.0,18.0,36.0,0.0,supplementary_source/target_dataset_qsvc_experiments/south_german/feature_specific_weighting/lambda_validation_c_tuned_samplefull_seed30.csv,0.65,0.4489795918367347,0.7333333333333333,0.6142857142857143,0.5569620253164557,0.6738095238095239,0.7255952380952381,0.5767527917794459,86,54,16,44,134.0
south_german,South German Full,30,feature_specific,Feature-specific,nonzero,validation_f1,0.95,0.2,zz,1,full,0.5263157894736842,0.6517857142857143,126.0,18.0,36.0,0.0,supplementary_source/target_dataset_qsvc_experiments/south_german/feature_specific_weighting/lambda_validation_c_tuned_samplefull_seed30.csv,0.65,0.4489795918367347,0.7333333333333333,0.6142857142857143,0.5569620253164557,0.6738095238095239,0.7255952380952381,0.5767527917794459,86,54,16,44,134.0
south_german,South German Full,30,feature_specific,Feature-specific,nonzero,validation_business_cost,0.95,0.2,zz,1,full,0.5263157894736842,0.6517857142857143,126.0,18.0,36.0,0.0,supplementary_source/target_dataset_qsvc_experiments/south_german/feature_specific_weighting/lambda_validation_c_tuned_samplefull_seed30.csv,0.65,0.4489795918367347,0.7333333333333333,0.6142857142857143,0.5569620253164557,0.6738095238095239,0.7255952380952381,0.5767527917794459,86,54,16,44,134.0
south_german,South German Full,30,feature_specific,Feature-specific,nonzero,validation_balanced_accuracy,0.95,0.2,zz,1,full,0.5263157894736842,0.6517857142857143,126.0,18.0,36.0,0.0,supplementary_source/target_dataset_qsvc_experiments/south_german/feature_specific_weighting/lambda_validation_c_tuned_samplefull_seed30.csv,0.65,0.4489795918367347,0.7333333333333333,0.6142857142857143,0.5569620253164557,0.6738095238095239,0.7255952380952381,0.5767527917794459,86,54,16,44,134.0
south_german,South German Full,40,convex,Convex,all,validation_f1,0.85,0.2,zz,1,full,0.6165413533834586,0.7306547619047619,79.0,7.0,44.0,1.077,supplementary_source/target_dataset_qsvc_experiments/south_german/convex/lambda_validation_c_tuned_samplefull_seed40.csv,0.59,0.4067796610169492,0.8,0.5,0.5393258426966292,0.65,0.7102380952380952,0.45919701576481703,70,70,12,48,130.0
south_german,South German Full,40,convex,Convex,all,validation_business_cost,0.85,0.2,zz,1,full,0.6165413533834586,0.7306547619047619,79.0,7.0,44.0,0.0,supplementary_source/target_dataset_qsvc_experiments/south_german/convex/lambda_validation_c_tuned_samplefull_seed40.csv,0.59,0.4067796610169492,0.8,0.5,0.5393258426966292,0.65,0.7102380952380952,0.45919701576481703,70,70,12,48,130.0
south_german,South German Full,40,convex,Convex,all,validation_balanced_accuracy,0.85,0.2,zz,1,full,0.6165413533834586,0.7306547619047619,79.0,7.0,44.0,0.0,supplementary_source/target_dataset_qsvc_experiments/south_german/convex/lambda_validation_c_tuned_samplefull_seed40.csv,0.59,0.4067796610169492,0.8,0.5,0.5393258426966292,0.65,0.7102380952380952,0.45919701576481703,70,70,12,48,130.0
south_german,South German Full,40,convex,Convex,nonzero,validation_f1,0.85,0.2,zz,1,full,0.6165413533834586,0.7306547619047619,79.0,7.0,44.0,0.0,supplementary_source/target_dataset_qsvc_experiments/south_german/convex/lambda_validation_c_tuned_samplefull_seed40.csv,0.59,0.4067796610169492,0.8,0.5,0.5393258426966292,0.65,0.7102380952380952,0.45919701576481703,70,70,12,48,130.0
south_german,South German Full,40,convex,Convex,nonzero,validation_business_cost,0.85,0.2,zz,1,full,0.6165413533834586,0.7306547619047619,79.0,7.0,44.0,0.0,supplementary_source/target_dataset_qsvc_experiments/south_german/convex/lambda_validation_c_tuned_samplefull_seed40.csv,0.59,0.4067796610169492,0.8,0.5,0.5393258426966292,0.65,0.7102380952380952,0.45919701576481703,70,70,12,48,130.0
south_german,South German Full,40,convex,Convex,nonzero,validation_balanced_accuracy,0.85,0.2,zz,1,full,0.6165413533834586,0.7306547619047619,79.0,7.0,44.0,0.0,supplementary_source/target_dataset_qsvc_experiments/south_german/convex/lambda_validation_c_tuned_samplefull_seed40.csv,0.59,0.4067796610169492,0.8,0.5,0.5393258426966292,0.65,0.7102380952380952,0.45919701576481703,70,70,12,48,130.0
south_german,South German Full,40,feature_specific,Feature-specific,all,validation_f1,0.95,0.2,zz,1,full,0.5393258426966292,0.6741071428571428,137.0,24.0,17.0,1.05,supplementary_source/target_dataset_qsvc_experiments/south_german/feature_specific_weighting/lambda_validation_c_tuned_samplefull_seed40.csv,0.62,0.4069767441860465,0.5833333333333334,0.6357142857142857,0.4794520547945205,0.6095238095238096,0.6961904761904762,0.46593447550279077,89,51,25,35,176.0
south_german,South German Full,40,feature_specific,Feature-specific,all,validation_business_cost,0.95,0.2,zz,1,full,0.5393258426966292,0.6741071428571428,137.0,24.0,17.0,0.0,supplementary_source/target_dataset_qsvc_experiments/south_german/feature_specific_weighting/lambda_validation_c_tuned_samplefull_seed40.csv,0.62,0.4069767441860465,0.5833333333333334,0.6357142857142857,0.4794520547945205,0.6095238095238096,0.6961904761904762,0.46593447550279077,89,51,25,35,176.0
south_german,South German Full,40,feature_specific,Feature-specific,all,validation_balanced_accuracy,0.95,0.2,zz,1,full,0.5393258426966292,0.6741071428571428,137.0,24.0,17.0,0.0,supplementary_source/target_dataset_qsvc_experiments/south_german/feature_specific_weighting/lambda_validation_c_tuned_samplefull_seed40.csv,0.62,0.4069767441860465,0.5833333333333334,0.6357142857142857,0.4794520547945205,0.6095238095238096,0.6961904761904762,0.46593447550279077,89,51,25,35,176.0
south_german,South German Full,40,feature_specific,Feature-specific,nonzero,validation_f1,0.95,0.2,zz,1,full,0.5393258426966292,0.6741071428571428,137.0,24.0,17.0,0.0,supplementary_source/target_dataset_qsvc_experiments/south_german/feature_specific_weighting/lambda_validation_c_tuned_samplefull_seed40.csv,0.62,0.4069767441860465,0.5833333333333334,0.6357142857142857,0.4794520547945205,0.6095238095238096,0.6961904761904762,0.46593447550279077,89,51,25,35,176.0
south_german,South German Full,40,feature_specific,Feature-specific,nonzero,validation_business_cost,0.95,0.2,zz,1,full,0.5393258426966292,0.6741071428571428,137.0,24.0,17.0,0.0,supplementary_source/target_dataset_qsvc_experiments/south_german/feature_specific_weighting/lambda_validation_c_tuned_samplefull_seed40.csv,0.62,0.4069767441860465,0.5833333333333334,0.6357142857142857,0.4794520547945205,0.6095238095238096,0.6961904761904762,0.46593447550279077,89,51,25,35,176.0
south_german,South German Full,40,feature_specific,Feature-specific,nonzero,validation_balanced_accuracy,0.95,0.2,zz,1,full,0.5393258426966292,0.6741071428571428,137.0,24.0,17.0,0.0,supplementary_source/target_dataset_qsvc_experiments/south_german/feature_specific_weighting/lambda_validation_c_tuned_samplefull_seed40.csv,0.62,0.4069767441860465,0.5833333333333334,0.6357142857142857,0.4794520547945205,0.6095238095238096,0.6961904761904762,0.46593447550279077,89,51,25,35,176.0
south_german,South German Full,50,convex,Convex,all,validation_f1,0.05,0.5,zz,1,full,0.5420560747663551,0.6681547619047619,125.0,19.0,30.0,1.032,supplementary_source/target_dataset_qsvc_experiments/south_german/convex/lambda_validation_c_tuned_samplefull_seed50.csv,0.64,0.4230769230769231,0.55,0.6785714285714286,0.4782608695652174,0.6142857142857143,0.6846428571428571,0.5328351693022003,95,45,27,33,180.0
south_german,South German Full,50,convex,Convex,all,validation_business_cost,0.2,0.5,zz,1,full,0.5405405405405406,0.6651785714285714,123.0,18.0,33.0,1.063,supplementary_source/target_dataset_qsvc_experiments/south_german/convex/lambda_validation_c_tuned_samplefull_seed50.csv,0.63,0.4125,0.55,0.6642857142857143,0.4714285714285714,0.6071428571428572,0.6910714285714286,0.5384467670872393,93,47,27,33,182.0
south_german,South German Full,50,convex,Convex,all,validation_balanced_accuracy,0.05,0.5,zz,1,full,0.5420560747663551,0.6681547619047619,125.0,19.0,30.0,0.0,supplementary_source/target_dataset_qsvc_experiments/south_german/convex/lambda_validation_c_tuned_samplefull_seed50.csv,0.64,0.4230769230769231,0.55,0.6785714285714286,0.4782608695652174,0.6142857142857143,0.6846428571428571,0.5328351693022003,95,45,27,33,180.0
south_german,South German Full,50,convex,Convex,nonzero,validation_f1,0.05,0.5,zz,1,full,0.5420560747663551,0.6681547619047619,125.0,19.0,30.0,0.0,supplementary_source/target_dataset_qsvc_experiments/south_german/convex/lambda_validation_c_tuned_samplefull_seed50.csv,0.64,0.4230769230769231,0.55,0.6785714285714286,0.4782608695652174,0.6142857142857143,0.6846428571428571,0.5328351693022003,95,45,27,33,180.0
south_german,South German Full,50,convex,Convex,nonzero,validation_business_cost,0.2,0.5,zz,1,full,0.5405405405405406,0.6651785714285714,123.0,18.0,33.0,0.0,supplementary_source/target_dataset_qsvc_experiments/south_german/convex/lambda_validation_c_tuned_samplefull_seed50.csv,0.63,0.4125,0.55,0.6642857142857143,0.4714285714285714,0.6071428571428572,0.6910714285714286,0.5384467670872393,93,47,27,33,182.0
south_german,South German Full,50,convex,Convex,nonzero,validation_balanced_accuracy,0.05,0.5,zz,1,full,0.5420560747663551,0.6681547619047619,125.0,19.0,30.0,0.0,supplementary_source/target_dataset_qsvc_experiments/south_german/convex/lambda_validation_c_tuned_samplefull_seed50.csv,0.64,0.4230769230769231,0.55,0.6785714285714286,0.4782608695652174,0.6142857142857143,0.6846428571428571,0.5328351693022003,95,45,27,33,180.0
south_german,South German Full,50,feature_specific,Feature-specific,all,validation_f1,0.2,0.5,zz,1,full,0.5471698113207547,0.6726190476190477,124.0,19.0,29.0,1.049,supplementary_source/target_dataset_qsvc_experiments/south_german/feature_specific_weighting/lambda_validation_c_tuned_samplefull_seed50.csv,0.64,0.4230769230769231,0.55,0.6785714285714286,0.4782608695652174,0.6142857142857143,0.6863095238095238,0.5344921052492033,95,45,27,33,180.0
south_german,South German Full,50,feature_specific,Feature-specific,all,validation_business_cost,0.2,0.5,zz,1,full,0.5471698113207547,0.6726190476190477,124.0,19.0,29.0,0.0,supplementary_source/target_dataset_qsvc_experiments/south_german/feature_specific_weighting/lambda_validation_c_tuned_samplefull_seed50.csv,0.64,0.4230769230769231,0.55,0.6785714285714286,0.4782608695652174,0.6142857142857143,0.6863095238095238,0.5344921052492033,95,45,27,33,180.0
south_german,South German Full,50,feature_specific,Feature-specific,all,validation_balanced_accuracy,0.2,0.5,zz,1,full,0.5471698113207547,0.6726190476190477,124.0,19.0,29.0,0.0,supplementary_source/target_dataset_qsvc_experiments/south_german/feature_specific_weighting/lambda_validation_c_tuned_samplefull_seed50.csv,0.64,0.4230769230769231,0.55,0.6785714285714286,0.4782608695652174,0.6142857142857143,0.6863095238095238,0.5344921052492033,95,45,27,33,180.0
south_german,South German Full,50,feature_specific,Feature-specific,nonzero,validation_f1,0.2,0.5,zz,1,full,0.5471698113207547,0.6726190476190477,124.0,19.0,29.0,0.0,supplementary_source/target_dataset_qsvc_experiments/south_german/feature_specific_weighting/lambda_validation_c_tuned_samplefull_seed50.csv,0.64,0.4230769230769231,0.55,0.6785714285714286,0.4782608695652174,0.6142857142857143,0.6863095238095238,0.5344921052492033,95,45,27,33,180.0
south_german,South German Full,50,feature_specific,Feature-specific,nonzero,validation_business_cost,0.2,0.5,zz,1,full,0.5471698113207547,0.6726190476190477,124.0,19.0,29.0,0.0,supplementary_source/target_dataset_qsvc_experiments/south_german/feature_specific_weighting/lambda_validation_c_tuned_samplefull_seed50.csv,0.64,0.4230769230769231,0.55,0.6785714285714286,0.4782608695652174,0.6142857142857143,0.6863095238095238,0.5344921052492033,95,45,27,33,180.0
south_german,South German Full,50,feature_specific,Feature-specific,nonzero,validation_balanced_accuracy,0.2,0.5,zz,1,full,0.5471698113207547,0.6726190476190477,124.0,19.0,29.0,0.0,supplementary_source/target_dataset_qsvc_experiments/south_german/feature_specific_weighting/lambda_validation_c_tuned_samplefull_seed50.csv,0.64,0.4230769230769231,0.55,0.6785714285714286,0.4782608695652174,0.6142857142857143,0.6863095238095238,0.5344921052492033,95,45,27,33,180.0
australian,Australian Full,10,convex,Convex,all,validation_f1,0.15,1.0,zz,1,full,0.8503937007874016,0.8232389730085583,51.0,8.0,11.0,0.77,curated_source/australian/results_all_zz/lambda_validation_results.csv,0.7681159420289855,0.7922077922077922,0.7922077922077922,0.7377049180327869,0.7922077922077922,0.7649563551202896,0.817968916329572,0.8179521349291238,45,16,16,61,96.0
australian,Australian Full,10,convex,Convex,all,validation_business_cost,0.65,0.2,zz,1,full,0.8321167883211679,0.7760039499670837,43.0,5.0,18.0,0.76,curated_source/australian/results_all_zz/lambda_validation_results.csv,0.782608695652174,0.7701149425287356,0.8701298701298701,0.6721311475409836,0.8170731707317073,0.7711305088354268,0.819672131147541,0.8191861980414793,41,20,10,67,70.0
australian,Australian Full,10,convex,Convex,all,validation_balanced_accuracy,0.15,1.0,zz,1,full,0.8503937007874016,0.8232389730085583,51.0,8.0,11.0,0.0,curated_source/australian/results_all_zz/lambda_validation_results.csv,0.7681159420289855,0.7922077922077922,0.7922077922077922,0.7377049180327869,0.7922077922077922,0.7649563551202896,0.817968916329572,0.8179521349291238,45,16,16,61,96.0
australian,Australian Full,10,convex,Convex,nonzero,validation_f1,0.15,1.0,zz,1,full,0.8503937007874016,0.8232389730085583,51.0,8.0,11.0,0.0,curated_source/australian/results_all_zz/lambda_validation_results.csv,0.7681159420289855,0.7922077922077922,0.7922077922077922,0.7377049180327869,0.7922077922077922,0.7649563551202896,0.817968916329572,0.8179521349291238,45,16,16,61,96.0
australian,Australian Full,10,convex,Convex,nonzero,validation_business_cost,0.65,0.2,zz,1,full,0.8321167883211679,0.7760039499670837,43.0,5.0,18.0,0.0,curated_source/australian/results_all_zz/lambda_validation_results.csv,0.782608695652174,0.7701149425287356,0.8701298701298701,0.6721311475409836,0.8170731707317073,0.7711305088354268,0.819672131147541,0.8191861980414793,41,20,10,67,70.0
australian,Australian Full,10,convex,Convex,nonzero,validation_balanced_accuracy,0.15,1.0,zz,1,full,0.8503937007874016,0.8232389730085583,51.0,8.0,11.0,0.0,curated_source/australian/results_all_zz/lambda_validation_results.csv,0.7681159420289855,0.7922077922077922,0.7922077922077922,0.7377049180327869,0.7922077922077922,0.7649563551202896,0.817968916329572,0.8179521349291238,45,16,16,61,96.0
australian,Australian Full,10,feature_specific,Feature-specific,all,validation_f1,0.1,0.75,zz,1,full,0.8455284552845529,0.8275181040158,59.0,10.0,9.0,0.736,curated_source/australian/results_all_zz/lambda_validation_results.csv,0.7681159420289855,0.7848101265822784,0.8051948051948052,0.7213114754098361,0.7948717948717948,0.7632531403023206,0.8090270385352353,0.8047266129043076,44,17,15,62,92.0
australian,Australian Full,10,feature_specific,Feature-specific,all,validation_business_cost,0.1,0.75,zz,1,full,0.8455284552845529,0.8275181040158,59.0,10.0,9.0,0.0,curated_source/australian/results_all_zz/lambda_validation_results.csv,0.7681159420289855,0.7848101265822784,0.8051948051948052,0.7213114754098361,0.7948717948717948,0.7632531403023206,0.8090270385352353,0.8047266129043076,44,17,15,62,92.0
australian,Australian Full,10,feature_specific,Feature-specific,all,validation_balanced_accuracy,0.1,0.75,zz,1,full,0.8455284552845529,0.8275181040158,59.0,10.0,9.0,0.0,curated_source/australian/results_all_zz/lambda_validation_results.csv,0.7681159420289855,0.7848101265822784,0.8051948051948052,0.7213114754098361,0.7948717948717948,0.7632531403023206,0.8090270385352353,0.8047266129043076,44,17,15,62,92.0
australian,Australian Full,10,feature_specific,Feature-specific,nonzero,validation_f1,0.1,0.75,zz,1,full,0.8455284552845529,0.8275181040158,59.0,10.0,9.0,0.0,curated_source/australian/results_all_zz/lambda_validation_results.csv,0.7681159420289855,0.7848101265822784,0.8051948051948052,0.7213114754098361,0.7948717948717948,0.7632531403023206,0.8090270385352353,0.8047266129043076,44,17,15,62,92.0
australian,Australian Full,10,feature_specific,Feature-specific,nonzero,validation_business_cost,0.1,0.75,zz,1,full,0.8455284552845529,0.8275181040158,59.0,10.0,9.0,0.0,curated_source/australian/results_all_zz/lambda_validation_results.csv,0.7681159420289855,0.7848101265822784,0.8051948051948052,0.7213114754098361,0.7948717948717948,0.7632531403023206,0.8090270385352353,0.8047266129043076,44,17,15,62,92.0
australian,Australian Full,10,feature_specific,Feature-specific,nonzero,validation_balanced_accuracy,0.1,0.75,zz,1,full,0.8455284552845529,0.8275181040158,59.0,10.0,9.0,0.0,curated_source/australian/results_all_zz/lambda_validation_results.csv,0.7681159420289855,0.7848101265822784,0.8051948051948052,0.7213114754098361,0.7948717948717948,0.7632531403023206,0.8090270385352353,0.8047266129043076,44,17,15,62,92.0
australian,Australian Full,20,convex,Convex,all,validation_f1,0.95,0.75,zz,1,full,0.8787878787878788,0.8452929558920341,32.0,4.0,12.0,0.756,curated_source/australian/results_all_zz/lambda_validation_results.csv,0.8188405797101449,0.7708333333333334,0.961038961038961,0.639344262295082,0.8554913294797688,0.8001916116670216,0.864381520119225,0.8259921650701033,39,22,3,74,37.0
australian,Australian Full,20,convex,Convex,all,validation_business_cost,0.55,0.3,zz,1,full,0.8740740740740741,0.8329493087557605,29.0,3.0,14.0,0.742,curated_source/australian/results_all_zz/lambda_validation_results.csv,0.7898550724637681,0.7608695652173914,0.9090909090909091,0.639344262295082,0.8284023668639053,0.7742175856929956,0.8403236108154141,0.8016583826483249,39,22,7,70,57.0
australian,Australian Full,20,convex,Convex,all,validation_balanced_accuracy,0.95,0.15,zz,1,full,0.8695652173913043,0.8726135615536537,63.0,12.0,3.0,0.744,curated_source/australian/results_all_zz/lambda_validation_results.csv,0.7971014492753623,0.7425742574257426,0.974025974025974,0.5737704918032787,0.8426966292134831,0.7738982329146263,0.8350010645092613,0.8036000496086169,35,26,2,75,36.0
australian,Australian Full,20,convex,Convex,nonzero,validation_f1,0.95,0.75,zz,1,full,0.8787878787878788,0.8452929558920341,32.0,4.0,12.0,0.0,curated_source/australian/results_all_zz/lambda_validation_results.csv,0.8188405797101449,0.7708333333333334,0.961038961038961,0.639344262295082,0.8554913294797688,0.8001916116670216,0.864381520119225,0.8259921650701033,39,22,3,74,37.0
australian,Australian Full,20,convex,Convex,nonzero,validation_business_cost,0.55,0.3,zz,1,full,0.8740740740740741,0.8329493087557605,29.0,3.0,14.0,0.0,curated_source/australian/results_all_zz/lambda_validation_results.csv,0.7898550724637681,0.7608695652173914,0.9090909090909091,0.639344262295082,0.8284023668639053,0.7742175856929956,0.8403236108154141,0.8016583826483249,39,22,7,70,57.0
australian,Australian Full,20,convex,Convex,nonzero,validation_balanced_accuracy,0.95,0.15,zz,1,full,0.8695652173913043,0.8726135615536537,63.0,12.0,3.0,0.0,curated_source/australian/results_all_zz/lambda_validation_results.csv,0.7971014492753623,0.7425742574257426,0.974025974025974,0.5737704918032787,0.8426966292134831,0.7738982329146263,0.8350010645092613,0.8036000496086169,35,26,2,75,36.0
australian,Australian Full,20,feature_specific,Feature-specific,all,validation_f1,0.65,0.5,zz,1,full,0.8548387096774194,0.8355826201448322,54.0,9.0,9.0,0.717,curated_source/australian/results_all_zz/lambda_validation_results.csv,0.7681159420289855,0.7848101265822784,0.8051948051948052,0.7213114754098361,0.7948717948717948,0.7632531403023206,0.8522461145411966,0.8156684829573111,44,17,15,62,92.0
australian,Australian Full,20,feature_specific,Feature-specific,all,validation_business_cost,0.65,0.5,zz,1,full,0.8548387096774194,0.8355826201448322,54.0,9.0,9.0,0.0,curated_source/australian/results_all_zz/lambda_validation_results.csv,0.7681159420289855,0.7848101265822784,0.8051948051948052,0.7213114754098361,0.7948717948717948,0.7632531403023206,0.8522461145411966,0.8156684829573111,44,17,15,62,92.0
australian,Australian Full,20,feature_specific,Feature-specific,all,validation_balanced_accuracy,0.65,0.5,zz,1,full,0.8548387096774194,0.8355826201448322,54.0,9.0,9.0,0.0,curated_source/australian/results_all_zz/lambda_validation_results.csv,0.7681159420289855,0.7848101265822784,0.8051948051948052,0.7213114754098361,0.7948717948717948,0.7632531403023206,0.8522461145411966,0.8156684829573111,44,17,15,62,92.0
australian,Australian Full,20,feature_specific,Feature-specific,nonzero,validation_f1,0.65,0.5,zz,1,full,0.8548387096774194,0.8355826201448322,54.0,9.0,9.0,0.0,curated_source/australian/results_all_zz/lambda_validation_results.csv,0.7681159420289855,0.7848101265822784,0.8051948051948052,0.7213114754098361,0.7948717948717948,0.7632531403023206,0.8522461145411966,0.8156684829573111,44,17,15,62,92.0
australian,Australian Full,20,feature_specific,Feature-specific,nonzero,validation_business_cost,0.65,0.5,zz,1,full,0.8548387096774194,0.8355826201448322,54.0,9.0,9.0,0.0,curated_source/australian/results_all_zz/lambda_validation_results.csv,0.7681159420289855,0.7848101265822784,0.8051948051948052,0.7213114754098361,0.7948717948717948,0.7632531403023206,0.8522461145411966,0.8156684829573111,44,17,15,62,92.0
australian,Australian Full,20,feature_specific,Feature-specific,nonzero,validation_balanced_accuracy,0.65,0.5,zz,1,full,0.8548387096774194,0.8355826201448322,54.0,9.0,9.0,0.0,curated_source/australian/results_all_zz/lambda_validation_results.csv,0.7681159420289855,0.7848101265822784,0.8051948051948052,0.7213114754098361,0.7948717948717948,0.7632531403023206,0.8522461145411966,0.8156684829573111,44,17,15,62,92.0
australian,Australian Full,30,convex,Convex,all,validation_f1,0.25,0.5,zz,1,full,0.8057553956834532,0.7373271889400921,51.0,6.0,21.0,0.736,curated_source/australian/results_all_zz/lambda_validation_results.csv,0.8188405797101449,0.8170731707317073,0.8701298701298701,0.7540983606557377,0.8427672955974843,0.8121141153928039,0.8511816052799659,0.8242258542440907,46,15,10,67,65.0
australian,Australian Full,30,convex,Convex,all,validation_business_cost,0.85,0.3,zz,1,full,0.7837837837837838,0.6820276497695852,48.0,4.0,28.0,0.778,curated_source/australian/results_all_zz/lambda_validation_results.csv,0.8043478260869565,0.7659574468085106,0.935064935064935,0.639344262295082,0.8421052631578947,0.7872045986800085,0.8526719182456887,0.8271180780860268,39,22,5,72,47.0
australian,Australian Full,30,convex,Convex,all,validation_balanced_accuracy,0.5,0.15,zz,1,full,0.7768595041322314,0.7565832784726794,87.0,15.0,12.0,0.753,curated_source/australian/results_all_zz/lambda_validation_results.csv,0.8478260869565217,0.85,0.8831168831168831,0.8032786885245902,0.8662420382165605,0.8431977858207367,0.8411752182243986,0.8073050199356409,49,12,9,68,57.0
australian,Australian Full,30,convex,Convex,nonzero,validation_f1,0.25,0.5,zz,1,full,0.8057553956834532,0.7373271889400921,51.0,6.0,21.0,0.0,curated_source/australian/results_all_zz/lambda_validation_results.csv,0.8188405797101449,0.8170731707317073,0.8701298701298701,0.7540983606557377,0.8427672955974843,0.8121141153928039,0.8511816052799659,0.8242258542440907,46,15,10,67,65.0
australian,Australian Full,30,convex,Convex,nonzero,validation_business_cost,0.85,0.3,zz,1,full,0.7837837837837838,0.6820276497695852,48.0,4.0,28.0,0.0,curated_source/australian/results_all_zz/lambda_validation_results.csv,0.8043478260869565,0.7659574468085106,0.935064935064935,0.639344262295082,0.8421052631578947,0.7872045986800085,0.8526719182456887,0.8271180780860268,39,22,5,72,47.0
australian,Australian Full,30,convex,Convex,nonzero,validation_balanced_accuracy,0.5,0.15,zz,1,full,0.7768595041322314,0.7565832784726794,87.0,15.0,12.0,0.0,curated_source/australian/results_all_zz/lambda_validation_results.csv,0.8478260869565217,0.85,0.8831168831168831,0.8032786885245902,0.8662420382165605,0.8431977858207367,0.8411752182243986,0.8073050199356409,49,12,9,68,57.0
australian,Australian Full,30,feature_specific,Feature-specific,all,validation_f1,0.8,0.3,zz,1,full,0.8,0.7705727452271232,73.0,12.0,13.0,0.747,curated_source/australian/results_all_zz/lambda_validation_results.csv,0.7753623188405797,0.8382352941176471,0.7402597402597403,0.819672131147541,0.7862068965517242,0.7799659357036406,0.8454332552693209,0.8242016894557123,50,11,20,57,111.0
australian,Australian Full,30,feature_specific,Feature-specific,all,validation_business_cost,1.0,2.0,zz,1,full,0.7941176470588235,0.7314022383146808,60.0,8.0,20.0,0.746,curated_source/australian/results_all_zz/lambda_validation_results.csv,0.7971014492753623,0.7692307692307693,0.9090909090909091,0.6557377049180327,0.8333333333333334,0.7824143070044709,0.8405365126676602,0.8330902962047922,40,21,7,70,56.0
australian,Australian Full,30,feature_specific,Feature-specific,all,validation_balanced_accuracy,0.8,0.3,zz,1,full,0.8,0.7705727452271232,73.0,12.0,13.0,0.0,curated_source/australian/results_all_zz/lambda_validation_results.csv,0.7753623188405797,0.8382352941176471,0.7402597402597403,0.819672131147541,0.7862068965517242,0.7799659357036406,0.8454332552693209,0.8242016894557123,50,11,20,57,111.0
australian,Australian Full,30,feature_specific,Feature-specific,nonzero,validation_f1,0.8,0.3,zz,1,full,0.8,0.7705727452271232,73.0,12.0,13.0,0.0,curated_source/australian/results_all_zz/lambda_validation_results.csv,0.7753623188405797,0.8382352941176471,0.7402597402597403,0.819672131147541,0.7862068965517242,0.7799659357036406,0.8454332552693209,0.8242016894557123,50,11,20,57,111.0
australian,Australian Full,30,feature_specific,Feature-specific,nonzero,validation_business_cost,1.0,2.0,zz,1,full,0.7941176470588235,0.7314022383146808,60.0,8.0,20.0,0.0,curated_source/australian/results_all_zz/lambda_validation_results.csv,0.7971014492753623,0.7692307692307693,0.9090909090909091,0.6557377049180327,0.8333333333333334,0.7824143070044709,0.8405365126676602,0.8330902962047922,40,21,7,70,56.0
australian,Australian Full,30,feature_specific,Feature-specific,nonzero,validation_balanced_accuracy,0.8,0.3,zz,1,full,0.8,0.7705727452271232,73.0,12.0,13.0,0.0,curated_source/australian/results_all_zz/lambda_validation_results.csv,0.7753623188405797,0.8382352941176471,0.7402597402597403,0.819672131147541,0.7862068965517242,0.7799659357036406,0.8454332552693209,0.8242016894557123,50,11,20,57,111.0
australian,Australian Full,40,convex,Convex,all,validation_f1,0.25,0.3,zz,1,full,0.8833333333333333,0.8763989466754444,50.0,9.0,5.0,0.773,curated_source/australian/results_all_zz/lambda_validation_results.csv,0.7898550724637681,0.8,0.8311688311688312,0.7377049180327869,0.8152866242038217,0.784436874600809,0.8748137108792846,0.9037591871556255,45,16,13,64,81.0
australian,Australian Full,40,convex,Convex,all,validation_business_cost,1.0,0.2,zz,1,full,0.8260869565217391,0.7657998683344305,44.0,5.0,19.0,0.756,curated_source/australian/results_all_zz/lambda_validation_results.csv,0.782608695652174,0.7526881720430108,0.9090909090909091,0.6229508196721312,0.8235294117647058,0.7660208643815201,0.8675750479029167,0.8995453505712028,38,23,7,70,58.0
australian,Australian Full,40,convex,Convex,all,validation_balanced_accuracy,0.25,0.3,zz,1,full,0.8833333333333333,0.8763989466754444,50.0,9.0,5.0,0.0,curated_source/australian/results_all_zz/lambda_validation_results.csv,0.7898550724637681,0.8,0.8311688311688312,0.7377049180327869,0.8152866242038217,0.784436874600809,0.8748137108792846,0.9037591871556255,45,16,13,64,81.0
australian,Australian Full,40,convex,Convex,nonzero,validation_f1,0.25,0.3,zz,1,full,0.8833333333333333,0.8763989466754444,50.0,9.0,5.0,0.0,curated_source/australian/results_all_zz/lambda_validation_results.csv,0.7898550724637681,0.8,0.8311688311688312,0.7377049180327869,0.8152866242038217,0.784436874600809,0.8748137108792846,0.9037591871556255,45,16,13,64,81.0
australian,Australian Full,40,convex,Convex,nonzero,validation_business_cost,1.0,0.2,zz,1,full,0.8260869565217391,0.7657998683344305,44.0,5.0,19.0,0.0,curated_source/australian/results_all_zz/lambda_validation_results.csv,0.782608695652174,0.7526881720430108,0.9090909090909091,0.6229508196721312,0.8235294117647058,0.7660208643815201,0.8675750479029167,0.8995453505712028,38,23,7,70,58.0
australian,Australian Full,40,convex,Convex,nonzero,validation_balanced_accuracy,0.25,0.3,zz,1,full,0.8833333333333333,0.8763989466754444,50.0,9.0,5.0,0.0,curated_source/australian/results_all_zz/lambda_validation_results.csv,0.7898550724637681,0.8,0.8311688311688312,0.7377049180327869,0.8152866242038217,0.784436874600809,0.8748137108792846,0.9037591871556255,45,16,13,64,81.0
australian,Australian Full,40,feature_specific,Feature-specific,all,validation_f1,0.6,0.5,zz,1,full,0.8333333333333334,0.8215931533903884,68.0,12.0,8.0,0.717,curated_source/australian/results_all_zz/lambda_validation_results.csv,0.8043478260869565,0.8125,0.8441558441558441,0.7540983606557377,0.8280254777070064,0.7991271024057909,0.884820097934852,0.9168160226939198,46,15,12,65,75.0
australian,Australian Full,40,feature_specific,Feature-specific,all,validation_business_cost,0.9,3.0,zz,1,full,0.8253968253968254,0.7969058591178406,62.0,10.0,12.0,0.738,curated_source/australian/results_all_zz/lambda_validation_results.csv,0.7753623188405797,0.7804878048780488,0.8311688311688312,0.7049180327868853,0.8050314465408805,0.7680434319778582,0.8350010645092613,0.887799652623295,43,18,13,64,83.0
australian,Australian Full,40,feature_specific,Feature-specific,all,validation_balanced_accuracy,0.6,0.5,zz,1,full,0.8333333333333334,0.8215931533903884,68.0,12.0,8.0,0.0,curated_source/australian/results_all_zz/lambda_validation_results.csv,0.8043478260869565,0.8125,0.8441558441558441,0.7540983606557377,0.8280254777070064,0.7991271024057909,0.884820097934852,0.9168160226939198,46,15,12,65,75.0
australian,Australian Full,40,feature_specific,Feature-specific,nonzero,validation_f1,0.6,0.5,zz,1,full,0.8333333333333334,0.8215931533903884,68.0,12.0,8.0,0.0,curated_source/australian/results_all_zz/lambda_validation_results.csv,0.8043478260869565,0.8125,0.8441558441558441,0.7540983606557377,0.8280254777070064,0.7991271024057909,0.884820097934852,0.9168160226939198,46,15,12,65,75.0
australian,Australian Full,40,feature_specific,Feature-specific,nonzero,validation_business_cost,0.9,3.0,zz,1,full,0.8253968253968254,0.7969058591178406,62.0,10.0,12.0,0.0,curated_source/australian/results_all_zz/lambda_validation_results.csv,0.7753623188405797,0.7804878048780488,0.8311688311688312,0.7049180327868853,0.8050314465408805,0.7680434319778582,0.8350010645092613,0.887799652623295,43,18,13,64,83.0
australian,Australian Full,40,feature_specific,Feature-specific,nonzero,validation_balanced_accuracy,0.6,0.5,zz,1,full,0.8333333333333334,0.8215931533903884,68.0,12.0,8.0,0.0,curated_source/australian/results_all_zz/lambda_validation_results.csv,0.8043478260869565,0.8125,0.8441558441558441,0.7540983606557377,0.8280254777070064,0.7991271024057909,0.884820097934852,0.9168160226939198,46,15,12,65,75.0
australian,Australian Full,50,convex,Convex,all,validation_f1,0.35,0.5,zz,1,full,0.8617886178861789,0.8457867017774852,53.0,9.0,8.0,0.748,curated_source/australian/results_all_zz/lambda_validation_results.csv,0.7971014492753623,0.810126582278481,0.8311688311688312,0.7540983606557377,0.8205128205128205,0.7926335959122844,0.851181605279966,0.8763917783016556,46,15,13,64,80.0
australian,Australian Full,50,convex,Convex,all,validation_business_cost,1.0,0.15,zz,1,full,0.8226950354609929,0.7534562211981566,41.0,4.0,21.0,0.741,curated_source/australian/results_all_zz/lambda_validation_results.csv,0.7391304347826086,0.735632183908046,0.8311688311688312,0.6229508196721312,0.7804878048780488,0.7270598254204812,0.8303172237598466,0.8694416595820094,38,23,13,64,88.0
australian,Australian Full,50,convex,Convex,all,validation_balanced_accuracy,0.35,0.5,zz,1,full,0.8617886178861789,0.8457867017774852,53.0,9.0,8.0,0.0,curated_source/australian/results_all_zz/lambda_validation_results.csv,0.7971014492753623,0.810126582278481,0.8311688311688312,0.7540983606557377,0.8205128205128205,0.7926335959122844,0.851181605279966,0.8763917783016556,46,15,13,64,80.0
australian,Australian Full,50,convex,Convex,nonzero,validation_f1,0.35,0.5,zz,1,full,0.8617886178861789,0.8457867017774852,53.0,9.0,8.0,0.0,curated_source/australian/results_all_zz/lambda_validation_results.csv,0.7971014492753623,0.810126582278481,0.8311688311688312,0.7540983606557377,0.8205128205128205,0.7926335959122844,0.851181605279966,0.8763917783016556,46,15,13,64,80.0
australian,Australian Full,50,convex,Convex,nonzero,validation_business_cost,1.0,0.15,zz,1,full,0.8226950354609929,0.7534562211981566,41.0,4.0,21.0,0.0,curated_source/australian/results_all_zz/lambda_validation_results.csv,0.7391304347826086,0.735632183908046,0.8311688311688312,0.6229508196721312,0.7804878048780488,0.7270598254204812,0.8303172237598466,0.8694416595820094,38,23,13,64,88.0
australian,Australian Full,50,convex,Convex,nonzero,validation_balanced_accuracy,0.35,0.5,zz,1,full,0.8617886178861789,0.8457867017774852,53.0,9.0,8.0,0.0,curated_source/australian/results_all_zz/lambda_validation_results.csv,0.7971014492753623,0.810126582278481,0.8311688311688312,0.7540983606557377,0.8205128205128205,0.7926335959122844,0.851181605279966,0.8763917783016556,46,15,13,64,80.0
australian,Australian Full,50,feature_specific,Feature-specific,all,validation_f1,0.7,0.75,zz,1,full,0.859504132231405,0.847926267281106,57.0,10.0,7.0,0.757,curated_source/australian/results_all_zz/lambda_validation_results.csv,0.7681159420289855,0.8,0.7792207792207793,0.7540983606557377,0.7894736842105263,0.7666595699382585,0.8548009367681498,0.8729276783156461,46,15,17,60,100.0
australian,Australian Full,50,feature_specific,Feature-specific,all,validation_business_cost,0.7,0.75,zz,1,full,0.859504132231405,0.847926267281106,57.0,10.0,7.0,0.0,curated_source/australian/results_all_zz/lambda_validation_results.csv,0.7681159420289855,0.8,0.7792207792207793,0.7540983606557377,0.7894736842105263,0.7666595699382585,0.8548009367681498,0.8729276783156461,46,15,17,60,100.0
australian,Australian Full,50,feature_specific,Feature-specific,all,validation_balanced_accuracy,0.05,0.5,zz,1,full,0.8547008547008547,0.8522053982883475,65.0,12.0,5.0,0.731,curated_source/australian/results_all_zz/lambda_validation_results.csv,0.7608695652173914,0.8055555555555556,0.7532467532467533,0.7704918032786885,0.7785234899328859,0.7618692782627209,0.8460719608260593,0.8658145316453941,47,14,19,58,109.0
australian,Australian Full,50,feature_specific,Feature-specific,nonzero,validation_f1,0.7,0.75,zz,1,full,0.859504132231405,0.847926267281106,57.0,10.0,7.0,0.0,curated_source/australian/results_all_zz/lambda_validation_results.csv,0.7681159420289855,0.8,0.7792207792207793,0.7540983606557377,0.7894736842105263,0.7666595699382585,0.8548009367681498,0.8729276783156461,46,15,17,60,100.0
australian,Australian Full,50,feature_specific,Feature-specific,nonzero,validation_business_cost,0.7,0.75,zz,1,full,0.859504132231405,0.847926267281106,57.0,10.0,7.0,0.0,curated_source/australian/results_all_zz/lambda_validation_results.csv,0.7681159420289855,0.8,0.7792207792207793,0.7540983606557377,0.7894736842105263,0.7666595699382585,0.8548009367681498,0.8729276783156461,46,15,17,60,100.0
australian,Australian Full,50,feature_specific,Feature-specific,nonzero,validation_balanced_accuracy,0.05,0.5,zz,1,full,0.8547008547008547,0.8522053982883475,65.0,12.0,5.0,0.0,curated_source/australian/results_all_zz/lambda_validation_results.csv,0.7608695652173914,0.8055555555555556,0.7532467532467533,0.7704918032786885,0.7785234899328859,0.7618692782627209,0.8460719608260593,0.8658145316453941,47,14,19,58,109.0
fico_heloc,FICO HELOC Full,10,convex,Convex,all,validation_f1,0.75,1.0,zz,1,linear,0.7211940298507463,0.7224127574370709,1547.0,270.0,197.0,6.431,supplementary_source/credit_benchmark_experiments/fico_heloc/selected_full_qsvc/lambda_validation_seed10.csv,0.7141491395793499,0.748991935483871,0.6804029304029304,0.751,0.7130518234165067,0.7157014652014653,0.7785714285714285,0.7572785504588525,751,249,349,743,1994.0
fico_heloc,FICO HELOC Full,10,convex,Convex,all,validation_business_cost,0.0,1.0,zz,1,linear,0.7202838557066824,0.7183981693363845,1533.0,265.0,208.0,6.061,supplementary_source/credit_benchmark_experiments/fico_heloc/selected_full_qsvc/lambda_validation_seed10.csv,0.7136711281070746,0.7428571428571429,0.6904761904761905,0.739,0.7157095396298054,0.7147380952380953,0.7751630036630037,0.7588649241496161,739,261,338,754,1951.0
fico_heloc,FICO HELOC Full,10,convex,Convex,all,validation_balanced_accuracy,0.75,1.0,zz,1,linear,0.7211940298507463,0.7224127574370709,1547.0,270.0,197.0,0.0,supplementary_source/credit_benchmark_experiments/fico_heloc/selected_full_qsvc/lambda_validation_seed10.csv,0.7141491395793499,0.748991935483871,0.6804029304029304,0.751,0.7130518234165067,0.7157014652014653,0.7785714285714285,0.7572785504588525,751,249,349,743,1994.0
fico_heloc,FICO HELOC Full,10,convex,Convex,nonzero,validation_f1,0.75,1.0,zz,1,linear,0.7211940298507463,0.7224127574370709,1547.0,270.0,197.0,0.0,supplementary_source/credit_benchmark_experiments/fico_heloc/selected_full_qsvc/lambda_validation_seed10.csv,0.7141491395793499,0.748991935483871,0.6804029304029304,0.751,0.7130518234165067,0.7157014652014653,0.7785714285714285,0.7572785504588525,751,249,349,743,1994.0
fico_heloc,FICO HELOC Full,10,convex,Convex,nonzero,validation_business_cost,0.2,1.0,zz,1,linear,0.7191943127962085,0.717879004576659,1542.0,267.0,207.0,6.105,supplementary_source/credit_benchmark_experiments/fico_heloc/selected_full_qsvc/lambda_validation_seed10.csv,0.7146271510516252,0.7438423645320197,0.6913919413919414,0.74,0.7166587565258662,0.7156959706959707,0.7768617216117216,0.7572083485166239,740,260,337,755,1945.0
fico_heloc,FICO HELOC Full,10,convex,Convex,nonzero,validation_balanced_accuracy,0.75,1.0,zz,1,linear,0.7211940298507463,0.7224127574370709,1547.0,270.0,197.0,0.0,supplementary_source/credit_benchmark_experiments/fico_heloc/selected_full_qsvc/lambda_validation_seed10.csv,0.7141491395793499,0.748991935483871,0.6804029304029304,0.751,0.7130518234165067,0.7157014652014653,0.7785714285714285,0.7572785504588525,751,249,349,743,1994.0
fico_heloc,FICO HELOC Full,10,feature_specific,Feature-specific,all,validation_f1,0.0,1.0,zz,1,linear,0.7202838557066824,0.7183981693363845,1533.0,265.0,208.0,6.023,supplementary_source/credit_benchmark_experiments/fico_heloc/selected_full_qsvc/lambda_validation_seed10.csv,0.7136711281070746,0.7428571428571429,0.6904761904761905,0.739,0.7157095396298054,0.7147380952380953,0.7751630036630037,0.7588649241496161,739,261,338,754,1951.0
fico_heloc,FICO HELOC Full,10,feature_specific,Feature-specific,all,validation_business_cost,0.0,1.0,zz,1,linear,0.7202838557066824,0.7183981693363845,1533.0,265.0,208.0,0.0,supplementary_source/credit_benchmark_experiments/fico_heloc/selected_full_qsvc/lambda_validation_seed10.csv,0.7136711281070746,0.7428571428571429,0.6904761904761905,0.739,0.7157095396298054,0.7147380952380953,0.7751630036630037,0.7588649241496161,739,261,338,754,1951.0
fico_heloc,FICO HELOC Full,10,feature_specific,Feature-specific,all,validation_balanced_accuracy,0.45,1.0,zz,1,linear,0.7194758784991067,0.719912757437071,1551.0,270.0,201.0,6.131,supplementary_source/credit_benchmark_experiments/fico_heloc/selected_full_qsvc/lambda_validation_seed10.csv,0.7131931166347992,0.7430830039525692,0.6886446886446886,0.74,0.714828897338403,0.7143223443223443,0.7758223443223443,0.7584297742241418,740,260,340,752,1960.0
fico_heloc,FICO HELOC Full,10,feature_specific,Feature-specific,nonzero,validation_f1,0.4,1.0,zz,1,linear,0.7198096371207614,0.7198598398169337,1547.0,269.0,202.0,6.03,supplementary_source/credit_benchmark_experiments/fico_heloc/selected_full_qsvc/lambda_validation_seed10.csv,0.7122370936902486,0.7420948616600791,0.6877289377289377,0.739,0.7138783269961977,0.7133644688644689,0.7757976190476191,0.7586222816396797,739,261,341,751,1966.0
fico_heloc,FICO HELOC Full,10,feature_specific,Feature-specific,nonzero,validation_business_cost,0.05,1.0,zz,1,linear,0.7196206283343213,0.7185040045766591,1541.0,267.0,206.0,6.037,supplementary_source/credit_benchmark_experiments/fico_heloc/selected_full_qsvc/lambda_validation_seed10.csv,0.7127151051625239,0.741871921182266,0.6895604395604396,0.738,0.7147603227337447,0.7137802197802198,0.7752664835164835,0.7589501382066808,738,262,339,753,1957.0
fico_heloc,FICO HELOC Full,10,feature_specific,Feature-specific,nonzero,validation_balanced_accuracy,0.45,1.0,zz,1,linear,0.7194758784991067,0.719912757437071,1551.0,270.0,201.0,0.0,supplementary_source/credit_benchmark_experiments/fico_heloc/selected_full_qsvc/lambda_validation_seed10.csv,0.7131931166347992,0.7430830039525692,0.6886446886446886,0.74,0.714828897338403,0.7143223443223443,0.7758223443223443,0.7584297742241418,740,260,340,752,1960.0
fico_heloc,FICO HELOC Full,20,convex,Convex,all,validation_f1,0.0,1.0,zz,1,linear,0.7277840269966255,0.709512299771167,1392.0,227.0,257.0,5.978,supplementary_source/credit_benchmark_experiments/fico_heloc/selected_full_qsvc/lambda_validation_seed20.csv,0.7275334608030593,0.732620320855615,0.7527472527472527,0.7,0.7425474254742548,0.7263736263736263,0.7778131868131868,0.7672022122109486,700,300,270,822,1650.0
fico_heloc,FICO HELOC Full,20,convex,Convex,all,validation_business_cost,0.0,1.0,zz,1,linear,0.7277840269966255,0.709512299771167,1392.0,227.0,257.0,0.0,supplementary_source/credit_benchmark_experiments/fico_heloc/selected_full_qsvc/lambda_validation_seed20.csv,0.7275334608030593,0.732620320855615,0.7527472527472527,0.7,0.7425474254742548,0.7263736263736263,0.7778131868131868,0.7672022122109486,700,300,270,822,1650.0
fico_heloc,FICO HELOC Full,20,convex,Convex,all,validation_balanced_accuracy,0.45,1.0,zz,1,linear,0.723744292237443,0.7102002288329519,1444.0,240.0,244.0,6.003,supplementary_source/credit_benchmark_experiments/fico_heloc/selected_full_qsvc/lambda_validation_seed20.csv,0.7260994263862333,0.7319034852546917,0.75,0.7,0.7408412483039348,0.725,0.7768800366300366,0.7610808137752926,700,300,273,819,1665.0
fico_heloc,FICO HELOC Full,20,convex,Convex,nonzero,validation_f1,0.05,1.0,zz,1,linear,0.7259425998874508,0.7077431350114416,1403.0,229.0,258.0,5.985,supplementary_source/credit_benchmark_experiments/fico_heloc/selected_full_qsvc/lambda_validation_seed20.csv,0.7270554493307839,0.7327971403038427,0.7509157509157509,0.701,0.741745816372682,0.7259578754578755,0.7778644688644689,0.7661013928157021,701,299,272,820,1659.0
fico_heloc,FICO HELOC Full,20,convex,Convex,nonzero,validation_business_cost,0.05,1.0,zz,1,linear,0.7259425998874508,0.7077431350114416,1403.0,229.0,258.0,0.0,supplementary_source/credit_benchmark_experiments/fico_heloc/selected_full_qsvc/lambda_validation_seed20.csv,0.7270554493307839,0.7327971403038427,0.7509157509157509,0.701,0.741745816372682,0.7259578754578755,0.7778644688644689,0.7661013928157021,701,299,272,820,1659.0
fico_heloc,FICO HELOC Full,20,convex,Convex,nonzero,validation_balanced_accuracy,0.45,1.0,zz,1,linear,0.723744292237443,0.7102002288329519,1444.0,240.0,244.0,0.0,supplementary_source/credit_benchmark_experiments/fico_heloc/selected_full_qsvc/lambda_validation_seed20.csv,0.7260994263862333,0.7319034852546917,0.75,0.7,0.7408412483039348,0.725,0.7768800366300366,0.7610808137752926,700,300,273,819,1665.0
fico_heloc,FICO HELOC Full,20,feature_specific,Feature-specific,all,validation_f1,0.0,1.0,zz,1,linear,0.7277840269966255,0.709512299771167,1392.0,227.0,257.0,5.987,supplementary_source/credit_benchmark_experiments/fico_heloc/selected_full_qsvc/lambda_validation_seed20.csv,0.7275334608030593,0.732620320855615,0.7527472527472527,0.7,0.7425474254742548,0.7263736263736263,0.7778131868131868,0.7672022122109486,700,300,270,822,1650.0
fico_heloc,FICO HELOC Full,20,feature_specific,Feature-specific,all,validation_business_cost,0.0,1.0,zz,1,linear,0.7277840269966255,0.709512299771167,1392.0,227.0,257.0,0.0,supplementary_source/credit_benchmark_experiments/fico_heloc/selected_full_qsvc/lambda_validation_seed20.csv,0.7275334608030593,0.732620320855615,0.7527472527472527,0.7,0.7425474254742548,0.7263736263736263,0.7778131868131868,0.7672022122109486,700,300,270,822,1650.0
fico_heloc,FICO HELOC Full,20,feature_specific,Feature-specific,all,validation_balanced_accuracy,0.0,1.0,zz,1,linear,0.7277840269966255,0.709512299771167,1392.0,227.0,257.0,0.0,supplementary_source/credit_benchmark_experiments/fico_heloc/selected_full_qsvc/lambda_validation_seed20.csv,0.7275334608030593,0.732620320855615,0.7527472527472527,0.7,0.7425474254742548,0.7263736263736263,0.7778131868131868,0.7672022122109486,700,300,270,822,1650.0
fico_heloc,FICO HELOC Full,20,feature_specific,Feature-specific,nonzero,validation_f1,0.1,1.0,zz,1,linear,0.7277840269966255,0.709512299771167,1392.0,227.0,257.0,6.014,supplementary_source/credit_benchmark_experiments/fico_heloc/selected_full_qsvc/lambda_validation_seed20.csv,0.7280114722753346,0.7332738626226584,0.7527472527472527,0.701,0.7428829643018527,0.7268736263736264,0.7777509157509158,0.7667868910296421,701,299,270,822,1649.0
fico_heloc,FICO HELOC Full,20,feature_specific,Feature-specific,nonzero,validation_business_cost,0.1,1.0,zz,1,linear,0.7277840269966255,0.709512299771167,1392.0,227.0,257.0,0.0,supplementary_source/credit_benchmark_experiments/fico_heloc/selected_full_qsvc/lambda_validation_seed20.csv,0.7280114722753346,0.7332738626226584,0.7527472527472527,0.701,0.7428829643018527,0.7268736263736264,0.7777509157509158,0.7667868910296421,701,299,270,822,1649.0
fico_heloc,FICO HELOC Full,20,feature_specific,Feature-specific,nonzero,validation_balanced_accuracy,0.1,1.0,zz,1,linear,0.7277840269966255,0.709512299771167,1392.0,227.0,257.0,0.0,supplementary_source/credit_benchmark_experiments/fico_heloc/selected_full_qsvc/lambda_validation_seed20.csv,0.7280114722753346,0.7332738626226584,0.7527472527472527,0.701,0.7428829643018527,0.7268736263736264,0.7777509157509158,0.7667868910296421,701,299,270,822,1649.0
fico_heloc,FICO HELOC Full,30,convex,Convex,all,validation_f1,0.5,1.0,zz,1,linear,0.7204058624577226,0.7024356407322654,1436.0,235.0,261.0,6.162,supplementary_source/credit_benchmark_experiments/fico_heloc/selected_full_qsvc/lambda_validation_seed30.csv,0.7179732313575525,0.7201754385964912,0.7518315018315018,0.681,0.735663082437276,0.7164157509157509,0.7789761904761905,0.7680023534904213,681,319,271,821,1674.0
fico_heloc,FICO HELOC Full,30,convex,Convex,all,validation_business_cost,0.5,1.0,zz,1,linear,0.7204058624577226,0.7024356407322654,1436.0,235.0,261.0,0.0,supplementary_source/credit_benchmark_experiments/fico_heloc/selected_full_qsvc/lambda_validation_seed30.csv,0.7179732313575525,0.7201754385964912,0.7518315018315018,0.681,0.735663082437276,0.7164157509157509,0.7789761904761905,0.7680023534904213,681,319,271,821,1674.0
fico_heloc,FICO HELOC Full,30,convex,Convex,all,validation_balanced_accuracy,0.5,1.0,zz,1,linear,0.7204058624577226,0.7024356407322654,1436.0,235.0,261.0,0.0,supplementary_source/credit_benchmark_experiments/fico_heloc/selected_full_qsvc/lambda_validation_seed30.csv,0.7179732313575525,0.7201754385964912,0.7518315018315018,0.681,0.735663082437276,0.7164157509157509,0.7789761904761905,0.7680023534904213,681,319,271,821,1674.0
fico_heloc,FICO HELOC Full,30,convex,Convex,nonzero,validation_f1,0.5,1.0,zz,1,linear,0.7204058624577226,0.7024356407322654,1436.0,235.0,261.0,0.0,supplementary_source/credit_benchmark_experiments/fico_heloc/selected_full_qsvc/lambda_validation_seed30.csv,0.7179732313575525,0.7201754385964912,0.7518315018315018,0.681,0.735663082437276,0.7164157509157509,0.7789761904761905,0.7680023534904213,681,319,271,821,1674.0
fico_heloc,FICO HELOC Full,30,convex,Convex,nonzero,validation_business_cost,0.5,1.0,zz,1,linear,0.7204058624577226,0.7024356407322654,1436.0,235.0,261.0,0.0,supplementary_source/credit_benchmark_experiments/fico_heloc/selected_full_qsvc/lambda_validation_seed30.csv,0.7179732313575525,0.7201754385964912,0.7518315018315018,0.681,0.735663082437276,0.7164157509157509,0.7789761904761905,0.7680023534904213,681,319,271,821,1674.0
fico_heloc,FICO HELOC Full,30,convex,Convex,nonzero,validation_balanced_accuracy,0.5,1.0,zz,1,linear,0.7204058624577226,0.7024356407322654,1436.0,235.0,261.0,0.0,supplementary_source/credit_benchmark_experiments/fico_heloc/selected_full_qsvc/lambda_validation_seed30.csv,0.7179732313575525,0.7201754385964912,0.7518315018315018,0.681,0.735663082437276,0.7164157509157509,0.7789761904761905,0.7680023534904213,681,319,271,821,1674.0
fico_heloc,FICO HELOC Full,30,feature_specific,Feature-specific,all,validation_f1,0.85,1.0,zz,1,linear,0.7163000564015792,0.6982723112128146,1459.0,239.0,264.0,5.994,supplementary_source/credit_benchmark_experiments/fico_heloc/selected_full_qsvc/lambda_validation_seed30.csv,0.7179732313575525,0.7205623901581723,0.7509157509157509,0.682,0.7354260089686099,0.7164578754578754,0.7790970695970696,0.770302877293727,682,318,272,820,1678.0
fico_heloc,FICO HELOC Full,30,feature_specific,Feature-specific,all,validation_business_cost,0.3,1.0,zz,1,linear,0.716132658797077,0.6969164759725401,1453.0,237.0,268.0,6.058,supplementary_source/credit_benchmark_experiments/fico_heloc/selected_full_qsvc/lambda_validation_seed30.csv,0.7160611854684512,0.7165217391304348,0.7545787545787546,0.674,0.7350579839429081,0.7142893772893772,0.7784368131868132,0.7710607138066856,674,326,268,824,1666.0
fico_heloc,FICO HELOC Full,30,feature_specific,Feature-specific,all,validation_balanced_accuracy,0.85,1.0,zz,1,linear,0.7163000564015792,0.6982723112128146,1459.0,239.0,264.0,0.0,supplementary_source/credit_benchmark_experiments/fico_heloc/selected_full_qsvc/lambda_validation_seed30.csv,0.7179732313575525,0.7205623901581723,0.7509157509157509,0.682,0.7354260089686099,0.7164578754578754,0.7790970695970696,0.770302877293727,682,318,272,820,1678.0
fico_heloc,FICO HELOC Full,30,feature_specific,Feature-specific,nonzero,validation_f1,0.85,1.0,zz,1,linear,0.7163000564015792,0.6982723112128146,1459.0,239.0,264.0,0.0,supplementary_source/credit_benchmark_experiments/fico_heloc/selected_full_qsvc/lambda_validation_seed30.csv,0.7179732313575525,0.7205623901581723,0.7509157509157509,0.682,0.7354260089686099,0.7164578754578754,0.7790970695970696,0.770302877293727,682,318,272,820,1678.0
fico_heloc,FICO HELOC Full,30,feature_specific,Feature-specific,nonzero,validation_business_cost,0.3,1.0,zz,1,linear,0.716132658797077,0.6969164759725401,1453.0,237.0,268.0,0.0,supplementary_source/credit_benchmark_experiments/fico_heloc/selected_full_qsvc/lambda_validation_seed30.csv,0.7160611854684512,0.7165217391304348,0.7545787545787546,0.674,0.7350579839429081,0.7142893772893772,0.7784368131868132,0.7710607138066856,674,326,268,824,1666.0
fico_heloc,FICO HELOC Full,30,feature_specific,Feature-specific,nonzero,validation_balanced_accuracy,0.85,1.0,zz,1,linear,0.7163000564015792,0.6982723112128146,1459.0,239.0,264.0,0.0,supplementary_source/credit_benchmark_experiments/fico_heloc/selected_full_qsvc/lambda_validation_seed30.csv,0.7179732313575525,0.7205623901581723,0.7509157509157509,0.682,0.7354260089686099,0.7164578754578754,0.7790970695970696,0.770302877293727,682,318,272,820,1678.0
fico_heloc,FICO HELOC Full,40,convex,Convex,all,validation_f1,0.5,1.0,zz,1,linear,0.7356705620478575,0.7143964530892448,1327.0,213.0,262.0,5.999,supplementary_source/credit_benchmark_experiments/fico_heloc/selected_full_qsvc/lambda_validation_seed40.csv,0.7179732313575525,0.7436893203883496,0.7014652014652014,0.736,0.7219604147031102,0.7187326007326007,0.7806048534798535,0.7659707729737408,736,264,326,766,1894.0
fico_heloc,FICO HELOC Full,40,convex,Convex,all,validation_business_cost,0.1,1.0,zz,1,linear,0.7333699835074217,0.7078289473684211,1313.0,207.0,278.0,6.083,supplementary_source/credit_benchmark_experiments/fico_heloc/selected_full_qsvc/lambda_validation_seed40.csv,0.732791586998088,0.7339771729587358,0.7655677655677655,0.697,0.7494397131331242,0.7312838827838828,0.7817229853479852,0.7707500937112417,697,303,256,836,1583.0
fico_heloc,FICO HELOC Full,40,convex,Convex,all,validation_balanced_accuracy,0.5,1.0,zz,1,linear,0.7356705620478575,0.7143964530892448,1327.0,213.0,262.0,0.0,supplementary_source/credit_benchmark_experiments/fico_heloc/selected_full_qsvc/lambda_validation_seed40.csv,0.7179732313575525,0.7436893203883496,0.7014652014652014,0.736,0.7219604147031102,0.7187326007326007,0.7806048534798535,0.7659707729737408,736,264,326,766,1894.0
fico_heloc,FICO HELOC Full,40,convex,Convex,nonzero,validation_f1,0.5,1.0,zz,1,linear,0.7356705620478575,0.7143964530892448,1327.0,213.0,262.0,0.0,supplementary_source/credit_benchmark_experiments/fico_heloc/selected_full_qsvc/lambda_validation_seed40.csv,0.7179732313575525,0.7436893203883496,0.7014652014652014,0.736,0.7219604147031102,0.7187326007326007,0.7806048534798535,0.7659707729737408,736,264,326,766,1894.0
fico_heloc,FICO HELOC Full,40,convex,Convex,nonzero,validation_business_cost,0.1,1.0,zz,1,linear,0.7333699835074217,0.7078289473684211,1313.0,207.0,278.0,0.0,supplementary_source/credit_benchmark_experiments/fico_heloc/selected_full_qsvc/lambda_validation_seed40.csv,0.732791586998088,0.7339771729587358,0.7655677655677655,0.697,0.7494397131331242,0.7312838827838828,0.7817229853479852,0.7707500937112417,697,303,256,836,1583.0
fico_heloc,FICO HELOC Full,40,convex,Convex,nonzero,validation_balanced_accuracy,0.5,1.0,zz,1,linear,0.7356705620478575,0.7143964530892448,1327.0,213.0,262.0,0.0,supplementary_source/credit_benchmark_experiments/fico_heloc/selected_full_qsvc/lambda_validation_seed40.csv,0.7179732313575525,0.7436893203883496,0.7014652014652014,0.736,0.7219604147031102,0.7187326007326007,0.7806048534798535,0.7659707729737408,736,264,326,766,1894.0
fico_heloc,FICO HELOC Full,40,feature_specific,Feature-specific,all,validation_f1,0.35,1.0,zz,1,linear,0.7321921590281613,0.7080406178489702,1329.0,211.0,274.0,6.086,supplementary_source/credit_benchmark_experiments/fico_heloc/selected_full_qsvc/lambda_validation_seed40.csv,0.7308795411089866,0.7322212467076383,0.7637362637362637,0.695,0.7476467951591215,0.7293681318681318,0.7817898351648351,0.771029725750685,695,305,258,834,1595.0
fico_heloc,FICO HELOC Full,40,feature_specific,Feature-specific,all,validation_business_cost,0.15,1.0,zz,1,linear,0.7308750687947165,0.7054877002288329,1329.0,210.0,279.0,6.06,supplementary_source/credit_benchmark_experiments/fico_heloc/selected_full_qsvc/lambda_validation_seed40.csv,0.731357552581262,0.7316433566433567,0.7664835164835165,0.693,0.7486583184257602,0.7297417582417582,0.7817596153846155,0.7715987019778476,693,307,255,837,1582.0
fico_heloc,FICO HELOC Full,40,feature_specific,Feature-specific,all,validation_balanced_accuracy,0.35,1.0,zz,1,linear,0.7321921590281613,0.7080406178489702,1329.0,211.0,274.0,0.0,supplementary_source/credit_benchmark_experiments/fico_heloc/selected_full_qsvc/lambda_validation_seed40.csv,0.7308795411089866,0.7322212467076383,0.7637362637362637,0.695,0.7476467951591215,0.7293681318681318,0.7817898351648351,0.771029725750685,695,305,258,834,1595.0
fico_heloc,FICO HELOC Full,40,feature_specific,Feature-specific,nonzero,validation_f1,0.35,1.0,zz,1,linear,0.7321921590281613,0.7080406178489702,1329.0,211.0,274.0,0.0,supplementary_source/credit_benchmark_experiments/fico_heloc/selected_full_qsvc/lambda_validation_seed40.csv,0.7308795411089866,0.7322212467076383,0.7637362637362637,0.695,0.7476467951591215,0.7293681318681318,0.7817898351648351,0.771029725750685,695,305,258,834,1595.0
fico_heloc,FICO HELOC Full,40,feature_specific,Feature-specific,nonzero,validation_business_cost,0.15,1.0,zz,1,linear,0.7308750687947165,0.7054877002288329,1329.0,210.0,279.0,0.0,supplementary_source/credit_benchmark_experiments/fico_heloc/selected_full_qsvc/lambda_validation_seed40.csv,0.731357552581262,0.7316433566433567,0.7664835164835165,0.693,0.7486583184257602,0.7297417582417582,0.7817596153846155,0.7715987019778476,693,307,255,837,1582.0
fico_heloc,FICO HELOC Full,40,feature_specific,Feature-specific,nonzero,validation_balanced_accuracy,0.35,1.0,zz,1,linear,0.7321921590281613,0.7080406178489702,1329.0,211.0,274.0,0.0,supplementary_source/credit_benchmark_experiments/fico_heloc/selected_full_qsvc/lambda_validation_seed40.csv,0.7308795411089866,0.7322212467076383,0.7637362637362637,0.695,0.7476467951591215,0.7293681318681318,0.7817898351648351,0.771029725750685,695,305,258,834,1595.0
fico_heloc,FICO HELOC Full,50,convex,Convex,all,validation_f1,0.0,1.0,zz,1,linear,0.7411961989938514,0.7217906178489703,1307.0,211.0,252.0,6.084,supplementary_source/credit_benchmark_experiments/fico_heloc/selected_full_qsvc/lambda_validation_seed50.csv,0.7127151051625239,0.7178349600709849,0.7408424908424909,0.682,0.7291572780531771,0.7114212454212454,0.7786401098901099,0.7800186712020662,682,318,283,809,1733.0
fico_heloc,FICO HELOC Full,50,convex,Convex,all,validation_business_cost,0.0,1.0,zz,1,linear,0.7411961989938514,0.7217906178489703,1307.0,211.0,252.0,0.0,supplementary_source/credit_benchmark_experiments/fico_heloc/selected_full_qsvc/lambda_validation_seed50.csv,0.7127151051625239,0.7178349600709849,0.7408424908424909,0.682,0.7291572780531771,0.7114212454212454,0.7786401098901099,0.7800186712020662,682,318,283,809,1733.0
fico_heloc,FICO HELOC Full,50,convex,Convex,all,validation_balanced_accuracy,0.0,1.0,zz,1,linear,0.7411961989938514,0.7217906178489703,1307.0,211.0,252.0,0.0,supplementary_source/credit_benchmark_experiments/fico_heloc/selected_full_qsvc/lambda_validation_seed50.csv,0.7127151051625239,0.7178349600709849,0.7408424908424909,0.682,0.7291572780531771,0.7114212454212454,0.7786401098901099,0.7800186712020662,682,318,283,809,1733.0
fico_heloc,FICO HELOC Full,50,convex,Convex,nonzero,validation_f1,0.4,1.0,zz,1,linear,0.7220902612826603,0.7215760869565218,1532.0,266.0,202.0,6.021,supplementary_source/credit_benchmark_experiments/fico_heloc/selected_full_qsvc/lambda_validation_seed50.csv,0.7131931166347992,0.7204301075268817,0.7362637362637363,0.688,0.7282608695652174,0.7121318681318681,0.7807564102564102,0.7798110991503509,688,312,288,804,1752.0
fico_heloc,FICO HELOC Full,50,convex,Convex,nonzero,validation_business_cost,0.4,1.0,zz,1,linear,0.7220902612826603,0.7215760869565218,1532.0,266.0,202.0,0.0,supplementary_source/credit_benchmark_experiments/fico_heloc/selected_full_qsvc/lambda_validation_seed50.csv,0.7131931166347992,0.7204301075268817,0.7362637362637363,0.688,0.7282608695652174,0.7121318681318681,0.7807564102564102,0.7798110991503509,688,312,288,804,1752.0
fico_heloc,FICO HELOC Full,50,convex,Convex,nonzero,validation_balanced_accuracy,0.4,1.0,zz,1,linear,0.7220902612826603,0.7215760869565218,1532.0,266.0,202.0,0.0,supplementary_source/credit_benchmark_experiments/fico_heloc/selected_full_qsvc/lambda_validation_seed50.csv,0.7131931166347992,0.7204301075268817,0.7362637362637363,0.688,0.7282608695652174,0.7121318681318681,0.7807564102564102,0.7798110991503509,688,312,288,804,1752.0
fico_heloc,FICO HELOC Full,50,feature_specific,Feature-specific,all,validation_f1,0.2,1.0,zz,1,linear,0.7441340782122905,0.7247568649885583,1290.0,208.0,250.0,6.07,supplementary_source/credit_benchmark_experiments/fico_heloc/selected_full_qsvc/lambda_validation_seed50.csv,0.7122370936902486,0.7171985815602837,0.7408424908424909,0.681,0.7288288288288288,0.7109212454212455,0.7788141025641027,0.7802185177416157,681,319,283,809,1734.0
fico_heloc,FICO HELOC Full,50,feature_specific,Feature-specific,all,validation_business_cost,0.2,1.0,zz,1,linear,0.7441340782122905,0.7247568649885583,1290.0,208.0,250.0,0.0,supplementary_source/credit_benchmark_experiments/fico_heloc/selected_full_qsvc/lambda_validation_seed50.csv,0.7122370936902486,0.7171985815602837,0.7408424908424909,0.681,0.7288288288288288,0.7109212454212455,0.7788141025641027,0.7802185177416157,681,319,283,809,1734.0
fico_heloc,FICO HELOC Full,50,feature_specific,Feature-specific,all,validation_balanced_accuracy,0.2,1.0,zz,1,linear,0.7441340782122905,0.7247568649885583,1290.0,208.0,250.0,0.0,supplementary_source/credit_benchmark_experiments/fico_heloc/selected_full_qsvc/lambda_validation_seed50.csv,0.7122370936902486,0.7171985815602837,0.7408424908424909,0.681,0.7288288288288288,0.7109212454212455,0.7788141025641027,0.7802185177416157,681,319,283,809,1734.0
fico_heloc,FICO HELOC Full,50,feature_specific,Feature-specific,nonzero,validation_f1,0.2,1.0,zz,1,linear,0.7441340782122905,0.7247568649885583,1290.0,208.0,250.0,0.0,supplementary_source/credit_benchmark_experiments/fico_heloc/selected_full_qsvc/lambda_validation_seed50.csv,0.7122370936902486,0.7171985815602837,0.7408424908424909,0.681,0.7288288288288288,0.7109212454212455,0.7788141025641027,0.7802185177416157,681,319,283,809,1734.0
fico_heloc,FICO HELOC Full,50,feature_specific,Feature-specific,nonzero,validation_business_cost,0.2,1.0,zz,1,linear,0.7441340782122905,0.7247568649885583,1290.0,208.0,250.0,0.0,supplementary_source/credit_benchmark_experiments/fico_heloc/selected_full_qsvc/lambda_validation_seed50.csv,0.7122370936902486,0.7171985815602837,0.7408424908424909,0.681,0.7288288288288288,0.7109212454212455,0.7788141025641027,0.7802185177416157,681,319,283,809,1734.0
fico_heloc,FICO HELOC Full,50,feature_specific,Feature-specific,nonzero,validation_balanced_accuracy,0.2,1.0,zz,1,linear,0.7441340782122905,0.7247568649885583,1290.0,208.0,250.0,0.0,supplementary_source/credit_benchmark_experiments/fico_heloc/selected_full_qsvc/lambda_validation_seed50.csv,0.7122370936902486,0.7171985815602837,0.7408424908424909,0.681,0.7288288288288288,0.7109212454212455,0.7788141025641027,0.7802185177416157,681,319,283,809,1734.0
